Title,Categories,Description,Price,Media_url,Uri
YZF-R9,"機車, Yamaha","眾所期待的Yamaha全新運動跑車YZF-R9終於正式發表.
新車以新世代YZF-R家族造型風格為外型設計主軸
充滿空氣動力學的整流罩.具有更勝YZF-R6的空力效能.
搭載與MT-09、XSR 900相同的890cc CP3直列三缸引擎
搭配Yamaha Supersport車款有史以來最輕量的車架
以及豐富電控系統、KYB全可調懸吊及Brembo剎車系統
在在都呈現出山葉想將YZF-R9打造成為頂級運動跑車的決心.
不過Yamaha表示.將街道與賽道性能結合的YZF-R9推出
並不是要取代目前已更注重賽道取向的YZF-R1
而是想讓騎士們對於運動跑車有多一種的選擇

台灣山葉也迅速發佈.預計於2025年第二季引進YZF-R9的消息
喜歡這款新車的車迷可以先把錢包準備好~等待它變成R9的樣子啦

全新YZF-R9在外觀部分承襲了YZF-R家族的銳利外型
將老大哥YZF-R1車頭的中央進氣口改為球型投射LED燈的擺放位置
搭配兩旁的日行燈條.以及結合方向燈設計的照後鏡
還有來自MotoGP工廠賽車發想的小型定風翼設計
不禁讓YZF-R9流露出幾分霸氣.空力性能也更勝以往.

YZF-R9動力心臟源自於MT-09的890cc CP3直列三缸引擎
搭配YCC-T電子油門、輔助和滑動離合器的六速變速系統.
最大馬力117hp@10,000rpm與最大扭力93Nm@7,000rpm
帳面輸出數據與MT-09相同.透過ECU的新設定和傳動齒比優化
讓YZF-R9中低轉速域的扭矩輸出更平順.對於市區騎乘更友善易控
而高轉加速性能也具備充足爆發力.下賽道騎乘也能盡享樂趣.
Yamaha為YZF-R9搭載的電控系統也相當豐富齊全
包含六軸IMU、九級TCS牽引力控制、四種PER動力輸出模式、
MotoGP開發的三級SCS滑動控制、三段LIF防孤輪控制、
進退檔快速換檔、兩級EBM引擎煞車控制、BSR後輪滑調節、
LC彈射起步、包含有傾角感知彎道ABS的BC煞車控制系統、
可設定最高速限的YVSL變速限制以及巡航控制系統.

YZF-R9底盤方面同樣採用Yamaha招牌的Deltabox鑄造鋁合金車架
這是Yamaha Supersport車款有史以來最輕量的車架
讓YZF-R9的車重僅有195kg.這與YZF-R6的190kg車重相去不遠.
懸吊系統前方採用KYB 43mm SDF全可調倒叉
左、右側前叉分別提供高低速壓縮阻尼及回彈阻尼預載調整.
KYB中置水平後避震器也同樣提供全功能可調.另外附有遠程預載調節器可作即時調節.

搭載全新世代YZF-R家族風格外觀設計的YZF-R9
車頭中央同樣配置的是一顆球型投射燈.搭配兩旁的LED日行燈條.
前方的LED方向燈採用與大哥R1相同的設計.直接放在照後鏡上
除了提升警示效果與維持視覺外觀.下賽道時要拆卸也更方便.

儀表搭載可與智慧型手機連線的5吋全彩TFT顯示螢幕
顯示主題提供四種街道模式及賽道專用模式供騎士選擇.
電控系統可透過重新改良過的整合式車把開關進行調整設置
提供更直覺且易於操作的手感.讓騎士更容易使用上手.

YZF-R9剎車系統由Brembo負責擔綱.不同於Yamaha以往慣用的雙子星卡鉗
Brembo Stylema四活塞輻射卡鉗搭配徑向主缸
可提供充足的剎車力道.並擁有更精準、細膩的操控表現.

YZF-R9可允許騎士單獨關閉後輪ABS.在下賽道騎乘時
可使用滑胎入彎等更高階的操控技巧獲得更豐富的操控樂趣.
在這樣的情況下.SCS滑動控制就能扮演另一層的安全守護.

外觀造型不只是帥就可以!
山葉工程師以YZF-R6的空氣動力學為標準.將YZF-R9的空力打造的比R6更上一層樓.

近乎50/50的均衡重量分配.讓YZF-R9可提供輕巧、敏捷的操控性
下賽道騎乘也能讓騎士盡情發揮熱情

不光是賽道騎乘的運動性能.YZF-R9也兼顧了日常騎乘的易控與舒適性.

【規格】
引擎形式: 水冷四行程三汽缸DOHC 12汽門
全長: 2070mm
全高(m): 1180mm
全寬(m): 706mm
軸距(m): 1419mm
最低地上高(m): 140mm
座高(m): 830mm
全重: 195kg
總排氣量: 889cc
供油方式: 電子燃油噴注系統
啟動方式: 電發
壓縮比: 11.5:1
最高馬力: 117hp @10,000 rpm
最大扭力: 93Nm @7000 rpm
油箱容量: 14公升
傳動形式: 鍊條 濕式多片離合器六速
前懸吊系統: 43mm KYB全功能可調倒叉 行程120mm
後懸吊系統: KYB Monocross水平放置全功能可調後避震器，行程117mm
輪胎(前): 120/70 ZR 17 M/C (58W)
輪胎(後): 180/55 ZR 17 M/C (73W)
前煞車系統: 雙四活塞 Brembo Stylema 單體卡鉗、 320 mm煞車碟盤、ABS
後煞車系統: 220mm單碟單活塞卡鉗
配備: 快排.定速巡航.滑動離合器 防孤輪系統.TC循跡防滑 側滑監控.",588000,https://www.yamaha-motor.com.tw/assets/images/motor/YZF-R9-2026/kv-70th01.jpg,https://www.yamaha-motor.com.tw/motor/motor_R9
YZF-R3,"機車, Yamaha","在2015年問世的Yamaha YZF-R3.於2019年經歷了初次升級改款後
						終於在近日再度迎來改款訊息.只不過新車引擎、底盤都沒更動
						只做了為符合EURO 5+排放法規在引擎內部做了微調
						動力輸出部分維持與現行相同.但搭載了A&amp;S輔助滑動離合器
						有助於降低退檔時的檔煞與後輪鎖死.增加新手騎乘時的舒適與節奏掌握.

2025 
						YZF-R3換上新世代YZF-R家族的造型風格設計
						並將騎士座椅前側改得更為窄收.讓騎士在停車踩踏地面更輕鬆
						同時維持了人體工學與騎乘舒適性.

2025 
						YZF-R3同樣搭載高轉速的321cc水冷並列雙缸引擎
						在10,750rpm可產生42ps的最大馬力.以及29.5Nm@9,000rpm的最大扭力.
						引擎透過輕量化的鍛造鋁活塞.以及DiASil高矽鋁合金偏壓設計汽缸
						以及燃油噴射系統等部分的優化.讓新車得以符合EURO 5+排放法規.也擁有經濟的燃油效率.
						搭載A&amp;S輔助滑動離合器的六速變速系統.可提供更平順的換檔操控感受.

底盤同樣搭載輕量鑽石型鋼管車架.搭配KYB 37mm倒立式前叉
						與KYB Monocross單槍後避震.在舒適與運動性之間提供襯職的支撐.
						制動系統部分也維持與現行相同的298mm單碟配雙活塞卡鉗
						雙通道ABS為制動安全多一分安心的把關.

2025 
						YZF-R3全車燈具皆採用科技感滿點的LED燈系.
						包括全新的球形投射式大燈.以及兩旁的LED定位燈
						尾燈與方向指示燈也都進行全面換新.外觀風格再次重新定義.

2025 
						YZF-R3儀表採用全新的LCD液晶顯示螢幕
						可透過Yamaha Y-Connect APP與智慧型手機連線.於儀表顯示來電、訊息.
						也可在APP中查看車輛數據、摩托車位置與紀錄油耗等資訊.

儀表的LCD顯示幕雖然已更新.但是造型仍沿用現行設計
						在左側配有一個USB-A充電插座.方便騎士為手機或其他裝置提供電源.

包含10輻鑄鋁輪框與KYB 37mm倒叉等底盤部分皆未更動.

搭載新型輔助滑動離合器來幫助與抑制過度的換煞引擎煞車
						在降檔時提供平穩、易控的騎乘感受.拉動離合器也能更輕手.

受到MotoGP工廠賽車YZR-M1空氣動力學所啟發全新家族外觀
						讓YZF-R3帥度加乘.騎乘爽感倍增.

【規格】
引擎形式: 水冷DOHC 每汽缸4汽門雙汽缸
全長(mm): 2090
全寬(mm): 735
全高(mm): 1140
軸距(mm): 1380
座高(mm): 780
乾重: 166KG(濕169KG)
總排氣量: 321
供油方式: 噴射
啟動方式: 電發
壓縮比: 11.2:1
最高馬力: 42ps / 10,750rpm
最大扭力: 29.5Nm / 9,000rpm /
油箱容量: 14l
傳動形式: 六段濕式多片
前懸吊系統: 37mm KYB倒立前叉，行程130mm
後懸吊系統: 可調式單筒油壓
輪胎(前): 110/70 17
輪胎(後): 140/70 -17
前煞車系統: 單碟雙活塞 298mm碟盤
後煞車系統: 單碟單活塞 220mm碟盤",235000,https://www.yamaha-motor.com.tw/assets/images/motor/YZF-R3-2026/kv2.jpg,https://www.yamaha-motor.com.tw/motor/motor_R3
MT-09 Y-AMT,"機車, Yamaha","YAMAHA 
						MT車系起始於2003年誕生的大型街車MT-01.
						不過在近年全球市場發光發熱.讓車迷們更為熟知的山葉運動街車MT車系
						則是YAMAHA在2013年以the dark side of japan為概念所發表上市的全新車款.
						近日.山葉車廠也為十年有成的扭力大師MT-09作了全新進化改款

2024年式MT-09不僅換上全新面容.外觀比起上一代車型更簡潔純粹
						而向來風格鮮明的造型.也保有自成一派的設計美學.
						這部經過多次進化與蛻變的扭力大師.每次改款總是能引起車迷們
						廣大的討論與迴響.相信這次改款也是不會例外!

第四代MT-09同樣搭載排氣量890cc的水冷DOHC直列三汽缸引擎
						搭配六速變速箱.並標配A&amp;S滑動式離合器
						在10,000轉可提供119PS最大馬力.最大扭力93Nm在7,000轉釋放.
						這具CP3引擎並沒有大幅度修改.僅採用了全新的雙進氣歧管
						並在油箱上方增加了兩處類似喇叭音箱的設置
						將增強的高頻聲浪直接傳遞給騎士.增加騎乘時的澎湃熱血感受.

2024 
						MT-09底盤同樣採用輕量化、高剛性的CF壓鑄Deltabox鋁合金車架.
						懸吊系統搭載KYB 41mm倒立式前叉搭配KYB中置單槍避震器
						彈簧剛性與阻尼特性經過重新調配.前後懸吊皆為全功能可調整.
						後避震的連桿設定也經過修改.搭配YAMAHA獨家旋壓工法製成的鋁合金輪框
						以及Battlax Hypersport S23輪胎.以優化過彎時的底盤重量分佈
						提供騎士輕巧、敏捷且穩定的操控感受.
						煞車系統前方為298mm雙碟配輻射四活塞卡鉗.後方為245mm單碟單活塞卡鉗.
						標配ABS系統.並換上Brembo直推總泵來增加制動性能與操作手感.

第四代MT-09的油箱高度比起上一代降低了30mm
						讓轉向角度加大4度以提高低速時的轉向機動性.
						包含頭燈與重新設計的尾燈皆採用LED燈具
						ESS緊急停車訊號在緊急剎車時會在閃爍尾燈警示後方來車注意.
						全新的方向指示燈超過15秒或在行駛150公尺後會自動取消關閉
						讓騎士無論是激烈操駕或放鬆騎乘出遊都能感到得心應手.

2024 
						MT-09一改前一代令人印象的魚眼投射球燈
						改採類似瞇眼雙眸般的大燈.並在雙眼中間開了一個方形LED投射燈設計.
						這樣的面容設計不知道是否將沿用到MT家族的其他新一代車款上?
						新車換上可調式煞車拉桿和離合器拉桿.讓騎士不必另外花錢改裝升級
						就能依所需輕鬆調整拉桿間距.得到更完善的操控體驗.

新車儀表升級為5吋TFT全彩儀表.並提供四種不同的主題介面可供選擇.
						儀表內建CCU通訊控制元件.可透過MyRide APP藍芽連線功能與手機連結.
						除了接聽電話和聽音樂等多媒體饗宴.還能使用Garmin StreetCross導航系統
						將導航資訊顯示於儀表更方便騎士查看使用.
						全新整合式手把開關將提供騎士更順手與直覺的操作感受
						騎乘模式(提供:運動、街道和雨天以及兩種自訂義)或電控系統
						都可透過儀表選單直接選擇.或MyRide APP在智慧型手機上進行設定.

2024 
						MT-09標配YAMAHA第三代進退檔快速排檔並新增標配定速巡航功能
						在時速40公里以上行駛時.可以在三檔或更高的檔位下開啟定速巡航控制
						而當騎士拉動離合器拉桿、剎車減速或轉動油門時.定速就會自動解除設定.

MT-09的電控系統由六軸IMU慣性測量元件負責偵測監控
						提供包含TCS牽引力控制系統、SCS滑動控制系統 、LIF防孤輪控制系統、
						以及BC煞車控制系統.與防止因為檔煞而造成後輪鎖死的BSR後輪滑動調節.
						其中的牽引力、滑動控制和防孤輪控制可以根據偏好進行介入程度調整或關閉
						而BC煞車控制開啟則是彎道ABS.關閉的話就是一般ABS防鎖死系統.

新MT-09的騎士三角也重新進行設計.車把位置比起上一代更低.腳踏則稍微後移
						兩者都提供兩段高度可依照騎士所需進行微調.
						新座椅改採用更運動化的前、後座分離式坐墊.兩個座位間的高低差
						會更加穩定的避免騎士在激烈操駕時造成前後的滑動.
						座椅因應鋁合金壓鑄副車架的重新設計變得更纖細窄收.讓騎士落腳踩地更輕鬆
						下方配置了USB Type-C插座讓後座乘客也能方便使用.

而在2024年MT-09標準版發表後隔日
						發表了配備升級的SP版本
						升級項目如下
						1.金色DLC鍍層的KYB 41mm全可調倒叉
						2.&Ouml;hlins全可調多連桿後避震
						3.Brembo Stylema&reg;卡鉗
						4.專屬雙色油箱
						5.KEYLSS免鑰匙與電控騎乘模式追加兩段賽道騎乘模式

【規格】
引擎形式: 水冷四行程三汽缸DOHC 12汽門
全長: 2090mm
全寬(mm): 820mm
全高(mm): 1145mm
軸距(mm): 1430mm
最低地上高(m): 135mm
座高(m): 825mm
全重: 198kg
總排氣量: 890cc
供油方式: YCC-T電子燃油噴注系統
啟動方式: 電發
壓縮比: 11.5:1
最高馬力: 117.3hp /119PS,/87.5kW@10000rpm
最大扭力: 9.5 kg-m/68.6lb-ft /93Nm@7000rpm
油箱容量: 14公升
傳動形式: 鍊條 濕式多片離合器六速
前懸吊系統: KYB 41mm倒立前叉，行程5.1吋
後懸吊系統: Monocross水平放置，行程4.6吋
輪胎(前): 120/70 ZR 17 M/C (58W)
輪胎(後): 180/55 ZR 17 M/C (73W)
前煞車系統: 298mm雙碟配輻射卡鉗
後煞車系統: 245單碟單活塞卡鉗",558000,https://www.yamaha-motor.com.tw/assets/images/motor/MT09-YAMT-2026/kv-1920x960.jpg,https://www.yamaha-motor.com.tw/motor/motor_MT09-YAMT
MT-07 Y-AMT,"機車, Yamaha","於2014年問世的Yamaha MT-07.在2025年式獲得全新升級.
雖然引擎部分沒有太多更動.但是新車換上全新設計的MT家族外觀、
搭載上電控配備、全新倒立式前叉、徑向四活塞輻射卡鉗、
五吋TFT全彩液晶儀表、全新車架、還有SpinForged旋鍛技術輪框、
以及強化聽覺享受的聲學放大技術
不僅在操控性能有著令人期待的大幅提升.在騎乘坐姿也進行優化
更重要的是還將Y-AMT自動排檔變速系統導入在新車上.
真的是該給了都給了.意圖讓您找不到不入手的理由啊!
新車含稅價格為14,899美元.提供三種車色.2024年12月起正式發售.

2025 MT-07動力心臟同樣搭載排氣量689cc的並列雙缸CP2引擎
動力輸出維持73.4ps@8,750rpm與6.8kg-m@6,500rpm.
全新搭載的電控系統包含YCC-T電子油門、YRC騎乘模式
搭配操控更得心應手的A&amp;S輔助滑動離合器.提升了MT-07的操控體驗豐富性.
YRC騎乘模式提供運動和街道兩種標準設定與自訂義模式
騎士可透過全新儀表或是以MyRide APP以手機進行選擇
包含三種輸出功率與兩級牽引力控制調整或關閉.
MT-07的油箱上方也有排氣聲浪放大的裝置設計.增加騎乘時的聽覺享受.

雖然基礎架構看似沒有大幅更動.但新車底盤部分則是進行大幅度提升.
新設計的鋼管車架增加了抗扭轉及縱向、橫向剛性.
全新的懸吊系統換上41mm倒立式前叉.連鑄鋁上三角台也是全新設計
搭配水平多連桿後避震器與更輕薄且不減剛性的全新鋁合金搖臂
一改以往在激烈操駕時懸吊偏軟的問題.讓新車的操控表現令人期待.
更寬18mm、更低22mm、且向騎士方向後移9.3mm的全新車把位置.
搭配降低10mm的腳踏.還有車身腰線更窄的805mm座高
讓任何身型的騎士都能有舒適的騎乘坐姿與操控感.

新車儀表導入全新的5吋全彩TFT液晶螢幕.除了有多種主題背景可更換
還能透過MyRide APP與智慧型手機連接
提供顯示來電、訊息通知、以及音樂聆聽等多媒體功能.
騎士最需要的導航功能也沒有缺席.透過免費的Garmin StreetCross APP
即可將導航路線顯示在儀表上.
控制儀表的左側把手開關按鍵也進行重新設計.讓騎士使用上更便利.

2025 MT-07車頭面容換上與二哥MT-09相同元素的全新家族外觀設計
以LED投射大燈搭配兩旁的LED日行燈條.面容極簡並具有線條感.

新MT-07搭載上全新的41mm倒立式前叉讓操控性能升級
那制動部分當然也要跟著一併提升.
全新的雙子星徑向四活塞卡鉗配298mm雙碟取代了舊款的對四卡鉗
強化了新MT-07的運動表現.讓騎士不用另行花費升級
就能更盡情享受.放膽體驗動靜之間的操控樂趣.

山葉獨家專利的SpinForged旋鍛技術鋁合金輪框也搭載於新MT-07車上
全新輪框比以往搭載的更輕量了近半公斤.並減少了4%的前後輪慣性
搭配Dunlop sportmax Q5A輪胎.讓25年式MT-07腳步輕盈.操控更敏捷.

全新的方向燈提供自動取消功能.另外在變換車道時可輕觸按鈕
啟動三閃超車燈功能.而緊急剎車時車輛也會閃爍方向燈及剎車燈來提醒其他用路人.多一份行車安全.

2025年式除了提供標準版MT-07之外.Yamaha也將自動排檔變速系統Y-AMT
導入到2025年式MT-07上.Y-AMT版將可省去離合器的操控
用手指操作就能輕鬆進行換檔操作.檔車新手也能迅速享受騎乘樂趣.
而標準版MT-07也能選配進退檔快排系統.同樣能獲得免離合器操控.又能享有更激進暢快的駕馭享受

【規格】
引擎形式: 水冷四行程二汽缸DOHC 8汽門
全長: 2065
全寬: 780
全高: 1110
軸距: 1395
最低地上高: 150
座高: 805
車重: 184kg
總排氣量: 689cc
供油方式: 電子燃油噴注系統
啟動方式: 電發
壓縮比: 11.5:1
最高馬力: 73.4ps/8750rpm
最大扭力: 6.8kg-m/6500rpm
油箱容量: 14公升
傳動形式: 鍊條 濕式多片離合器六速
前懸吊系統: 倒立前叉 41mm行程
後懸吊系統: Monocross水平放置， 多連桿.行程130mm
輪胎(前): 120/70 ZR 17 M/C (58W)
輪胎(後): 180/55 ZR 17 M/C (73W)
前煞車系統: 298mm雙碟 輻射四活塞卡鉗 ABS
後煞車系統: 245mm單碟單活塞卡鉗",380000,https://www.yamaha-motor.com.tw/assets/images/motor/MT07-YAMT-2026/kv1-1920x960.jpg,https://www.yamaha-motor.com.tw/motor/motor_MT07-YAMT
MT-07,"機車, Yamaha","於2014年問世的Yamaha MT-07.在2025年式獲得全新升級.
雖然引擎部分沒有太多更動.但是新車換上全新設計的MT家族外觀、
搭載上電控配備、全新倒立式前叉、徑向四活塞輻射卡鉗、
五吋TFT全彩液晶儀表、全新車架、還有SpinForged旋鍛技術輪框、
以及強化聽覺享受的聲學放大技術
不僅在操控性能有著令人期待的大幅提升.在騎乘坐姿也進行優化
更重要的是還將Y-AMT自動排檔變速系統導入在新車上.
真的是該給了都給了.意圖讓您找不到不入手的理由啊!
新車含稅價格為14,899美元.提供三種車色.2024年12月起正式發售.

2025 MT-07動力心臟同樣搭載排氣量689cc的並列雙缸CP2引擎
動力輸出維持73.4ps@8,750rpm與6.8kg-m@6,500rpm.
全新搭載的電控系統包含YCC-T電子油門、YRC騎乘模式
搭配操控更得心應手的A&amp;S輔助滑動離合器.提升了MT-07的操控體驗豐富性.
YRC騎乘模式提供運動和街道兩種標準設定與自訂義模式
騎士可透過全新儀表或是以MyRide APP以手機進行選擇
包含三種輸出功率與兩級牽引力控制調整或關閉.
MT-07的油箱上方也有排氣聲浪放大的裝置設計.增加騎乘時的聽覺享受.

雖然基礎架構看似沒有大幅更動.但新車底盤部分則是進行大幅度提升.
新設計的鋼管車架增加了抗扭轉及縱向、橫向剛性.
全新的懸吊系統換上41mm倒立式前叉.連鑄鋁上三角台也是全新設計
搭配水平多連桿後避震器與更輕薄且不減剛性的全新鋁合金搖臂
一改以往在激烈操駕時懸吊偏軟的問題.讓新車的操控表現令人期待.
更寬18mm、更低22mm、且向騎士方向後移9.3mm的全新車把位置.
搭配降低10mm的腳踏.還有車身腰線更窄的805mm座高
讓任何身型的騎士都能有舒適的騎乘坐姿與操控感.

新車儀表導入全新的5吋全彩TFT液晶螢幕.除了有多種主題背景可更換
還能透過MyRide APP與智慧型手機連接
提供顯示來電、訊息通知、以及音樂聆聽等多媒體功能.
騎士最需要的導航功能也沒有缺席.透過免費的Garmin StreetCross APP
即可將導航路線顯示在儀表上.
控制儀表的左側把手開關按鍵也進行重新設計.讓騎士使用上更便利.

2025 MT-07車頭面容換上與二哥MT-09相同元素的全新家族外觀設計
以LED投射大燈搭配兩旁的LED日行燈條.面容極簡並具有線條感.

新MT-07搭載上全新的41mm倒立式前叉讓操控性能升級
那制動部分當然也要跟著一併提升.
全新的雙子星徑向四活塞卡鉗配298mm雙碟取代了舊款的對四卡鉗
強化了新MT-07的運動表現.讓騎士不用另行花費升級
就能更盡情享受.放膽體驗動靜之間的操控樂趣.

山葉獨家專利的SpinForged旋鍛技術鋁合金輪框也搭載於新MT-07車上
全新輪框比以往搭載的更輕量了近半公斤.並減少了4%的前後輪慣性
搭配Dunlop sportmax Q5A輪胎.讓25年式MT-07腳步輕盈.操控更敏捷.

全新的方向燈提供自動取消功能.另外在變換車道時可輕觸按鈕
啟動三閃超車燈功能.而緊急剎車時車輛也會閃爍方向燈及剎車燈來提醒其他用路人.多一份行車安全.

2025年式除了提供標準版MT-07之外.Yamaha也將自動排檔變速系統Y-AMT
導入到2025年式MT-07上.Y-AMT版將可省去離合器的操控
用手指操作就能輕鬆進行換檔操作.檔車新手也能迅速享受騎乘樂趣.
而標準版MT-07也能選配進退檔快排系統.同樣能獲得免離合器操控.又能享有更激進暢快的駕馭享受

【規格】
引擎形式: 水冷四行程二汽缸DOHC 8汽門
全長: 2065
全寬: 780
全高: 1110
軸距: 1395
最低地上高: 150
座高: 805
車重: 184kg
總排氣量: 689cc
供油方式: 電子燃油噴注系統
啟動方式: 電發
壓縮比: 11.5:1
最高馬力: 73.4ps/8750rpm
最大扭力: 6.8kg-m/6500rpm
油箱容量: 14公升
傳動形式: 鍊條 濕式多片離合器六速
前懸吊系統: 倒立前叉 41mm行程
後懸吊系統: Monocross水平放置， 多連桿.行程130mm
輪胎(前): 120/70 ZR 17 M/C (58W)
輪胎(後): 180/55 ZR 17 M/C (73W)
前煞車系統: 298mm雙碟 輻射四活塞卡鉗 ABS
後煞車系統: 245mm單碟單活塞卡鉗",380000,https://www.yamaha-motor.com.tw/assets/images/motor/mt07-2026/kv1-1920x960.jpg,https://www.yamaha-motor.com.tw/motor/motor_MT07
MT-15,"機車, Yamaha","印度YAMAHA從年初開始就陸續為旗下的輕檔改款升級.

先是FZ-S150、YZF-R15等車款換上新車色與標配上ABS

儀表也導入了可與Y-Connect藍牙系統連線功能.

而印度YAMAHA在本週一再次釋出新車改款消息

本次改款的則是2022 MT-15 V2登場.





2022 MT-15 V2與上一代同樣搭載排氣量155cc的水冷SOHC單汽缸引擎

配備VVA可變汽門與輔助滑動式離合器.

最大馬力為18.4ps@10,000rpm.最大扭力14.1Nm@7,500rpm.

在外觀設計也沒有特別的更動.不過在配備換上亮眼吸睛的金色倒叉.

搭載與YZF-R15 V4相同的37mm金色倒立式前叉

搭配後方的鋁合金海鷗式搖臂.提供更靈活且穩定的運動性能.

而軸距則由1,350mm縮短為1,325mm.後輪胎規格也改為140mm.

不過標配的ABS煞車系統僅有單通道.R15 V4上配備的雙通道ABS、

進退檔快排與TCS循跡系統.這次MT-15 V2並沒有跟上.





YAMAHA在MT-15 V2儀表也導入了Y-Connect手機藍牙連線系統.

將手機與Y-Connect系統連線後.當手機來電、接獲訊息以及手機電量等

都會在儀表上以圖示顯示通知.

另外在Y-Connect APP也提供了車輛每油耗追蹤、保養建議、故障提醒、後停車位置等

還有儀表上無法顯示的資訊:包括引擎轉速、節氣門開度、加速度等.

配備USB充電埠以滿足手機導航等使用需求.





2022 YAMAHA MT-15 V2提供有ICE FLUO-VERMILLION、METALLIC BLACK、

RACING BLUE、以及全新塗裝「CYAN STORM」共四款配色

每款車色各自有不同顏色的輪框塗裝與車色匹配.

METALLIC BLACK當地售價為159,900盧比(折合新台幣$60,990元)

另外三種車色當地售價皆為160,900盧比(折合新台幣$61,371元)

撰稿 M.C.S

【規格】
引擎形式: 水冷四行程 VVA 可變汽門揚程 SOHC單缸引擎
全長(mm): 1955
全高(mm): 1070
全寬(mm): 800
軸距(mm): 1325
最低地上高: 170
座高: 810
車重: 135kg (裝備)
總排氣量: 155
供油方式: 電子燃油噴注系統
啟動方式: 電發
壓縮比: 11.6.:1
最高馬力: 18.4 ps / 10,000 rpm
最大扭力: 1.4 kg-m / 7,500 rpm
油箱容量: 10.2公升
傳動形式: 6速變速 鍊條
前懸吊系統: 倒立式前叉 37mm
後懸吊系統: 單槍中置
輪胎(前): 110/80-17 M/C 52P
輪胎(後): 140/70-17 M/C 66H
前煞車系統: 282mm單碟配雙活塞卡鉗
後煞車系統: 220mm單碟配單活塞卡鉗",118000,https://www.yamaha-motor.com.tw/assets/images/motor/mt15-2025/kv.jpg,https://www.yamaha-motor.com.tw/motor/motor_MT15
Ténéré 700,"機車, Yamaha","為了強化市場競爭力，Yamaha針對2025年式Tenere 700進行改款提升，包含車輛規格與造型，目前已經在2024 
EIMCA米蘭車展當中正式展出。Yamaha Tenere 
700車系在市場的優異銷售表現使得這次改款受到格外高度重視。此番改款重點包括車輛外觀塗裝配色，油箱裝置位置也向前調整以求更出色的前後配重。細節部分如把手上的開關按鍵，全新的數位顯示儀表，與來自全球越野ADV愛好者的意見回饋統籌出來的設定改變，使車廠對這次改款相當具有信心，因為這次的升級有絕大多數的重點都是來自於世界各地消費者的直接意見回饋。

重新修改的油箱裝置位置使騎士能夠在騎乘行進間更容易移動身體軀幹來因應越野路況騎乘需求，這雖然是一個小修改，但對於Yamaha工程師來說卻是一項巨大的挑戰，因為這個變動還會牽連騎士腿部的空間與腳踏的位置及高度，更重要的還會影響車輛高速行進時立姿與坐姿時的空氣流動。這項設計變更就是直接來自消費者的回饋，因為透過這樣的變動可以讓重度越野的ADV玩家能夠在騎乘時有更大的空間來移動重心，以利崎嶇地形的挑戰，未來還有可能會將這具由MT-07移植而來的動力系統將排氣量提升至800或900cc。雙模YCC電子節氣門也經過升級，能夠有更好的油門反應表現。

2025 Yamaha Tenere700 – 改款重點:
&#8226; 全新車殼與頭燈
&#8226; 全新後避震連桿與前後全可調整設定
&#8226; 全新6.3&quot;吋全彩TFT螢幕與智慧型手機連接
&#8226; 雙模YCC-T電子油門
&#8226; 專用按鍵可切換式ABS與TCS控制開關
&#8226; 全新引擎ECU控制程式
&#8226; 縮短進氣歧管
&#8226; 變速箱優化
&#8226; 全新方向燈造型與開關設計
&#8226; 單件式Rally坐墊
&#8226; 低車高設定選擇(降低15mm)
&#8226; 全新離合器蓋，降低腳部干涉
&#8226; 加大腳踏
&#8226; 車身同色護弓
&#8226; 側柱感應開關升級
&#8226; 雙色配色

2025 Yamaha Tenere 
700升級的項目中有許多都是直接與強化越野戰鬥力有關，這個部分也是透過長時間的參賽與路試得到的結論與心得。其中也針對舊車款上最容易斷裂的排氣管固定座進行重新設計，所以在2025年新車上可以明顯看到更堅固的排氣管固定座與吊架。這個鎖點除了排氣管之外，還是後行李箱固定座的鎖點之一，所以在過去常常造成車主的困擾，此番改款也做了一併提升與修改。另外一個時常故障的則是側柱感應開關，Yamaha工程師也趁這次機會變更的設計與固定方式，希望能夠將故障率降到最低。

新車型加大的腳踏的面積，寬度上較舊車款增加了10mm，能夠有效的提升騎士在越野路況下的立姿穩定性，也更有利於龍頭操作。2025 
Yamaha Tenere 
700裝置了全新設計的頭燈，外觀上具備了傳統ADV的外觀，4具獨立LED的照明方式也更有利於照明，燈具內的鋁合金支架也有著Y字形的造型，象徵Yamaha車廠。

2025 Yamaha Tenere 
700配置了全新的43mm倒叉前懸吊系統，有效行程為210mm，低座版則為190mm，離地高度為240mm，低座版為225mm。全新的前叉採用全可調整設計，能夠針對壓縮與回彈透過前叉頂端的旋鈕進行調整。Yamaha也為新車設計了一組全新的鍛造鋁合金上三角台搭配鑄造鋁合金下三角台，提供更好的剛性與安全性。

後懸吊則是來自於越野廠隊的回饋，新車款配置了全新設計的後避震連桿，修改了三角幾何係數，同時也更便利騎士調整後避震器的預載、壓縮與回彈設定。新連桿依舊維持後輪200mm的活動行程，低座版為180mm，全新的遠端預載調整則能夠讓車主不需工具也能夠快速地因應需求進行調整，後避震器的緩衝橡皮也在新車型上加大加強。

2025 Yamaha Tenere 
700也配置了全新數位液晶螢幕與把手按鈕開關，新螢幕為6.3”吋，這個尺寸也是目前主流ADV的規格，也有藍芽智慧型手機的連線功能，上下綜置式設計也更符合標準ADV的傳統。Yamaha開發的MyRide 
app能夠方便的讓騎士透過左手的開關進行操作與控制。新款TFT螢幕的使用介面也經過進化，使用上更加便利與直覺，另外在支架上也經過強化，能夠更加禁得起在車燈上方加裝GPS與行動電話固定座後的重量，尤其在越野路況下的震動很容易將大燈固定支架震裂。

此外Yamaha也針對這具CP2引擎與YCC-T電子油門進行優化，工程師設計了2個模式供騎士切換選擇，能夠明顯的區別Sport與Explorer的引擎出力，適用於一般道路與越野路況需求，同時為了讓騎士在切換騎乘模式上更便利，也在右手開關處配置模式切換按鍵。CP2引擎的進氣岐管長度也與以縮短，藉此提升扭力輸出，機械結構上則修改了離合器銜接位置，也一併將離合器蓋高度縮短，藉此降低與腳部的干涉。

變速箱部分則將內部同步齒輪進行全面的優化，在前三檔部分多加了一具同步齒輪，能夠降低進退檔時的衝擊與震動。最後為了讓更多騎士不再因為身材問題而無法享用Tenere 
700，這次的新車款也加入了低座版的選用，正常版的座高設定為875mm，低座版則是少去15mm來到860mm，同時在座墊部分也修改為單件式設計，造型上較為瘦長。

車系中也涵蓋終極的Tenere 700 
Rally車型可以選購，在外型上與其他版本有明顯的差異，前土除的高度就完全走比賽用廠車設定，讓人一眼就可以分辨出不同，Rally車款的套件則能夠透過Yamaha正廠管道取得加裝，與真正的廠隊賽車更加接近。

Yamaha Tenere 700 Rally採用傳統經典的藍色配色搭配金色鋁圈，以下為Rally車款規格重點。
&#8226; 前後KYB專用避震器
&#8226; 復古配色塗裝
&#8226; 越野高掛前土除
&#8226; 強化4mm鋁合金護板
&#8226; 輕量鋁合金腳踏
&#8226; Raid TFT 佈景
&#8226; 專用Rally座墊

【規格】
引擎形式: 四衝水冷DOHC 8氣門雙汽缸
全長(mm): 2369
全寬(mm): 904 / 934
全高(mm): 1455 / 1490
軸距(mm): 1595
座高(mm): 873
乾重: 204kg
總排氣量: 689
供油方式: 電子噴射
啟動方式: 電發
壓縮比: 11.5:1
最高馬力: 72.4 HP (54.0 kW) @ 9,000 rpm
最大扭力: 50.2 ft-lbs (68.0 Nm) @ 6,500 rpm
油箱容量: 16 公升
傳動形式: 鏈條.6速.濕式離合器
前懸吊系統: KYB 43mm倒立前叉.全可調.行程210mm /230mm
後懸吊系統: 單筒油壓避震.預載回彈可調.行程200mm
輪胎(前): 90/90 ZR-21
輪胎(後): 150/70 R-18
前煞車系統: 282mm雙碟配Brembo輻射卡鉗.附ABS
後煞車系統: 245單碟配Brembo單活塞卡鉗. 附ABS",573000,https://www.yamaha-motor.com.tw/assets/images/motor/Tenere700-2023/kv2-1920x960.jpg,https://www.yamaha-motor.com.tw/motor/motor_Tenere700
TMAX,"機車, Yamaha","在2001年誕生的Yamaha大型運動速克達TMAX發展自今已有八代.
						TMAX憑藉著其優異的運動性能及卓越的乘坐舒適性
						在全球銷售市場都廣受車迷的喜愛與支持
						這部運動大羊在2025年將再次進化.迎來新年式改款.
						新車的外觀修改主要在於車頭面容的微整
						以較為圓潤的線條與寬闊的整流罩.並換上全新LED大燈組
						讓新TMAX的外型呈現出更穩重的霸氣感.

2025 
						TMAX動力心臟同樣採用562cc並列雙缸引擎提供動力
						可輸出47hp@7,000rpm最大馬力與55Nm@5,250rpm的最大扭力
						引擎符合最新的Euro5+排放法規.且適用於歐洲的A2駕照許可.
						全自動變速箱透過低維護的V形皮帶驅動.搭配的離心式離合器
						經過重新設計.以提供新TMAX更平穩順暢的起步加速.
						新的進氣岐管在油門全開時會產生更清晰的聲浪.低速行駛時則會較為寧靜.
						D-MODE動力模式搭配YCC-T電子油門.讓騎士可根據行駛路況選擇
						提供不同的動力輸出與油門反應.
						TCS牽引力控制系統也會根據行駛狀況調節後輪輸出.避免空轉打滑危機.

2025 
						TMAX底盤部分也維持鋁合金鑽石型車架搭配加長後搖臂
						以及41mm倒立式前叉與中置單槍避震器的配置.
						Tech MAX版本採金色前叉及後避震具預載可調功能
						提供更精確的操控.同時也能獲得更極致的舒適感.

2025 
						TMAX的車頭線條比起上一代更為圓潤與寬闊
						全新的雙鷹眼頭及定位燈採用全LED燈具.
						大燈下方的進氣孔也一併重新更新.再次重塑運動大羊的霸氣風貌.

7吋TFT全彩儀表提供三種顯示介面.並可透過MyRide APP連線
						在儀表板顯示訊息、接聽電話和播放音樂等
						MyRide APP也提供行車路線記錄、油耗和停車位置等實用功能.
						TMAX Tech MAX可透過Garmin Motorize APP在儀表提供全地圖導航顯示
						這在部分國家可免費提供.也有某些國家無法使用導航功能.

TMAX 
						Tech MAX配備可調節電動風鏡.提供110mm無段調整
						讓騎士可依自身所需進行更適切的選擇.
						而標準版的TMAX風鏡則需要以手動調整.高度落差為55mm.

剎車系統前方採用267mm雙碟配雙子星四活塞輻射卡鉗
						後方為282單碟配單活塞卡鉗.搭配透過IMU進行監測的BC煞車控制系統
						提供騎士更運動化且細膩的操控體驗

山葉獨家技術的Spin Forged旋壓鍛造鋁框
						讓輪框重量減輕同時減少慣性.增加流利的操控性.

寬闊的坐墊下方置物空間至少可容納一頂全罩安全帽與雨衣等物品
						具有照明裝置與頂桿的設計.讓騎士在任何情況下都能輕鬆取物.

TMAX 
						Tech MAX除了電動風鏡外.還配備多段可調加溫握把、加溫坐墊
						以及可監測輪胎壓力的新型TPMS感測器
						另外還有長途騎旅最實用的巡航控制系統.

2025 
						TMAX標準版提供Icon Black、Tech Kamo兩種配色

TMAX 
						Tech MAX提供Ceramic Grey、Dark Magma兩種選擇
						預計於2025年3月正式上市

車身線條修改不大.同樣躍動感十足
						尾燈部分也維持標誌性的T字型LED燈組.

【規格】
引擎形式: 水冷四行程DOHC雙汽缸8汽門
全長: 2195 mm
車寬: 780mm
全高: 1,415-1,570mm / 1,415-1,525mm
軸距: 1575 mm
最低地上高: 135mm
座高: 800mm
裝配重: 219kg / 221
車台: CF Die-Cast 搖籃車架 鋁合金製
總排氣量: 562
供油方式: 電子噴射
啟動方式: 電發
壓縮比: 10.9 : 1
最高馬力: 35.0 kW 47hp @ 7,000 rpm
最大扭力: 55.0Nm / 5250rpm
油箱容量: 15公升
傳動形式: V型皮帶無段變速
前懸吊系統: 41mm倒立式前叉 120mm行程
後懸吊系統: 多連桿油壓避震 預載調較120mm
輪胎(前): 120/70 - 15 56H
輪胎(後): 160/60 - 15 67H
前煞車系統: 267mm雙碟四活塞輻射卡鉗
後煞車系統: 282mm單碟 單活塞卡鉗",580000,https://www.yamaha-motor.com.tw/assets/images/motor/TMAX-2026/kv1.jpg,https://www.yamaha-motor.com.tw/motor/motor_TMAX
XMAX,"機車, Yamaha","在2017年上市的Yamaha XMAX.這幾年光是在亞洲地區
						就已售出超過248,000輛.深受廣大車迷的愛戴.
						為此.Yamaha也持續為XMAX進化.在近日發表配備升級的2025 XMAX.
						2025年式XMAX 300將有三種車型.包含標準版、配備更高階的Tech MAX、
						以及在寒冷冬天騎乘更舒適的加熱握把與加熱坐墊的Tech MAX+.

新XMAX 
						300搭載已符合EURO 5+的292cc水冷SOHC單缸Blue Core引擎
						可提供28PS@7,250rpm的最大馬力與28.9Nm@5,750rpm的最大扭力.
						基本的架構與動力輸出維持與目前市場上的版本相仿
						不過牽引力控制系統在調節點火和燃油輸送的方式做了修改優化.
						另外.因應新的排氣尾管造型.搖臂的部分也經過重新設計.

乍看2025 
						XMAX 300可能會覺得新車外型與去年版本無異
						但其實Yamaha在XMAX車頭整流罩部分悄悄的做了些許更動.
						透過重新設計的鼻罩和擾流板.以提升導流效能.減少風壓
						讓騎士獲得更穩定與舒適的騎乘感受.

2025 
						XMAX 300採用全新的複合式儀表板.將4.2吋TFT全彩螢幕和3.2吋LCD
						整合在一個介面中顯示.不同於先前上下排列的布局.閱讀起來會更容易.
						儀表除了基本的時速、轉速、油量等行程資訊顯示外
						儀表還能透過藍芽與智慧型手機連結.在儀表顯示來電資訊、訊息、
						以及電子郵件通知等功能.另外可搭配Garmin APP在儀表顯示導航路線等資訊.
						另外還配有一個USB C插座提供3C產品續航力.更體貼且懂得現代騎士的所需.
						Smart Key免鑰匙點火功能在2025年式版本當然也不會缺席.

重新設計的排氣尾管比去年版本的外觀變得較為細長
						對於輕量化與重心集中都有所改善.車輛的外觀視覺也變得更動感輕盈.

Yamaha這次在高階版本的Tech MAX與Tech MAX+車型坐墊部分
						採用了皮革與麂皮拼接.並佐以石墨色縫線搭配.呈現不同的質感.

Yamaha宣稱新XMAX 300的坐墊下方空間可容納兩頂安全帽沒問題
						不過依照圖片來判斷.大概是一頂全罩帽加半罩帽差不多.

新XMAX 
						300全車燈具皆採用LED照明.前方向燈的外型做了小幅更動修改
						可以兼具提供騎士手部的擋風導流功能.
						而重新設計的車頭整流罩也在擋風導流的部分做了優化.讓高速巡航更加平穩.

2025 
						XMAX 300在高階的Tech MAX版本導入了全新的電子擋風鏡
						騎士可透過左手把開關進行95mm的無段調整高低控制.
						比起仍維持手動調整設定的標準版.更能提供騎士最適配的遮擋風雨效能.

【規格】
引擎形式: 四衝水冷單汽缸SOHC四汽門 鋼管車架
全長: 2180
全高(mm): 1410
全寬(mm): 795
軸距(mm): 1540
最低地上高: 135
座高: 795mm 792
濕重: 183kg
總排氣量: 292cc
供油方式: 12孔電子燃油噴注系統
啟動方式: 電發
壓縮比: 10.9:1
最高馬力: 27.6ps/7250rpm
最大扭力: 2.95kg-m (29Nm) / 5750rpm
油箱容量: 13.2公升
傳動形式: 皮帶傳動
前懸吊系統: 33mm套管前叉 ，110mm行程
後懸吊系統: 雙槍軟硬可調，110mm行程
輪胎(前): 120/70 15
輪胎(後): 140/70 14
前煞車系統: 267mm單碟 單向雙活塞卡鉗
後煞車系統: 245mm單碟 單向單活塞卡鉗",238000,https://www.yamaha-motor.com.tw/assets/images/motor/XMAX-2025/kv1-XMAX.jpg,https://www.yamaha-motor.com.tw/motor/motor_XMAX
Ninja ZX-4RR (ZX400-S),"機車, Kawasaki","2023  Ninja ZX-4R / 
			SE /RR

在去年底國際車展時期.與各家車廠相比相對靜悄悄的Kawasaki
						終於在日前釋出了新車發表訊息.
						而且這次川崎發表的新車.就是在先前不斷有各方傳言
						以輕量級四缸運動車款Ninja ZX-25R升級的中量級版本-Ninja ZX-4R.
						因為各國日漸嚴苛的環保法規.迫使各家車廠幾乎已放棄
						中量級四缸車款的開發.只有川崎車廠反其道而行
						這次不僅帶來標準版的Ninja ZX-4R.並且一併發表了
						Ninja ZX-4R SE和Ninja ZX-4RR共三種版本.讓車迷們看了實在為之振奮!

Kawasaki Ninja ZX-4R基於Ninja ZX-25R
						搭載排氣量399cc的DOHC水冷直列四缸引擎.
						引擎採用雙頂置凸輪軸配置.轉速上限超過15,000rpm.並配備了Ram-Air沖壓系統.
						ZX-4R的排氣量比起ZX-25R增加了150cc.但是的動力輸出幾乎倍增
						可提供77PS的最大馬力(ZX-25R為47PS)
						在Ram-Air沖壓系統加持下.馬力可再向上提升至80PS.性能可說是相當強悍!
						搭配9段干預係數可調的KTRC循跡控制系統、全功率與低功率可選的動力模式、
						以及包含:運動、道路、雨天和自定義的四種騎乘模式、A&amp;S滑動離合器
						RR與SE版本另有標配KQS進退檔快排系統.標準版ZX-4R則需選配加購.

Ninja 
						ZX-25R懸吊系統採用SFF-BP倒立式前叉搭配水平連桿單槍後避震
						而ZX-4R SE和ZX-4RR的前叉多了預載可調功能.
						另外為了讓ZX-4RR擁有更高階的運動性能
						後懸吊部份則採用與ZX-10R相同的Showa BFRC-lite全可調後避震.
						煞車系統前方採用290mm雙碟搭配對向四活塞卡鉗
						後方配置為220mm單碟搭配單活塞卡鉗.
						前後輪配備17吋五幅輪圈.前輪胎規格為120/70.後輪則換上更寬的160/60規格.

Ninja 
						ZX-4R與ZX-25R同樣採用全車LED燈系配置.
						Ram-Air沖壓進氣口設計在大燈與風鏡之間
						沖壓進氣系統可使ZX-4R的最大馬力提升至80PS.
						相信不僅可以讓新手騎士騎得很開心.資深騎士也能感受到滿滿的樂趣!

X-4R油箱容量同樣為15公升.標準版與RR版車重為188公斤
						多了燻黑風鏡、USB充電孔與車架滑塊的SE版本車重則為189公斤.
						穠纖合度的車體設計.搭配優異的動力輸出與美妙的四缸聲浪~怎麼不誘人!

Ninja 
						ZX-4RR不僅外觀採用Kawasaki Racing Team塗裝
						在底盤車架方面也以WSBK Ninja ZX-10RR賽車底盤做發想.
						結合剛性與柔性平衡的鋼管車架.配置的座高為800mm
						搭配預載可調的SFF-BP倒立式前叉以及Showa BFRC-lite全可調後避震
						提供更優異的運動性能.與靈活的操控表現.

ZX-4R配置的4.3英寸全彩液晶儀表
						可與手機Kawasaki Rideology應用程式連線.
						另外還提供單圈時間、檔位與更易於閱讀轉速的賽道模式顯示功能.

尾燈造型與ZX-10R設計相似.後方向燈也同樣採用LED燈具.

ZX-4RR後懸吊也採用與ZX-10R相同的Showa BFRC-lite後避震
						全功能可調節.以提供更好的運動表現.

這部現今唯一量產市售的400cc四缸運動摩托車 - Kawasaki Ninja ZX-4R
						目前已率先在北美地區上市.不過僅提供ZX-4RR版本.售價為$9,699美元
						歐洲等其他地區則預計在2023年第三季上市.

【規格】
引擎形式: 水冷四行程DOHC直列四汽缸
全長: 1991mm
全寬: 764 mm
全高: 1109 mm
軸距: 1379mm
最低地上高: mm
座高: 800mm
乾重: 188kg
總排氣量: 399cc
供油方式: DFI 34毫米節流閥
啟動方式: 電發
壓縮比: 12.3:1
最高馬力: 80PS @15,000rpm
最大扭力: 26.5 lb.-ft. @ 11,000 rpm
油箱容量: 15.1公升
傳動形式: 鍊條.六速
前懸吊系統: 37mm套管油壓前叉119mm行程 SFF-BP
後懸吊系統: 水平後連桿 BFR lite氣瓶 轉段可調 124mm行程
輪胎(前): 120/70 - ZR17
輪胎(後): 160/60 - ZR17
前煞車系統: 290mm雙碟雙活塞卡鉗
後煞車系統: 220mm單碟單活塞卡鉗
技術: A&amp;S滑動離合器 ECO節能顯示 電子油門 KTRC川崎牽引力控制器 手機藍芽連線多媒體儀表 4種騎乘動力模式 水平連桿後懸吊 SE版本+ 進退檔快排.燻黑風鏡.USB快充.防倒球 RR版本+ BFRC-lite全段可調氣瓶後懸吊",518000,http://www.tw-kawasaki.com/photo/color/79/167176547579.jpg,http://www.tw-kawasaki.com/moto_page.php?id=54
Ninja ZX-6R (ZX636-J),"機車, Kawasaki","2024 ZX-6R

【規格】
引擎形式: 水冷四行程DOHC四汽缸
全長(mm): 2024
全寬(mm): 711
全高(mm): 1100
軸距(mm): 1400
最低地上高: 130mm
座高(mm): 830mm
裝備重: 198kg
總排氣量: 636cc
供油方式: Keihin 38mm電子噴射
啟動方式: 電發
壓縮比: 12.9:1
最高馬力: 122bhp (91KW) @ 13,000rpm （128hp 沖壓空氣）
最大扭力: 50.9 磅-英尺（69 牛米）@ 10,800rpm
油箱容量: 17公升
傳動形式: 鍊條.六速
前懸吊系統: SFF-BP 41mm 倒立前叉全段可調 120mm行程
後懸吊系統: Showa Uni-Trak單槍多連桿避震 壓縮、回彈阻尼、預載可調
輪胎(前): 120/70-17 Pirelli Diablo Rosso IV
輪胎(後): 180/55-17 Pirelli Diablo Rosso IV
前煞車系統: 310mm雙碟四活塞輻射卡鉗
後煞車系統: 220mm單碟單活塞卡鉗",666000,http://www.tw-kawasaki.com/photo/color/2/15268681022.jpg,http://www.tw-kawasaki.com/moto_page.php?id=47
Ninja ZX-10R (ZX-1002L),"機車, Kawasaki","2026 ZX-10R / RR

川崎工程師為提升新空氣力學性能而對ZX-10R底盤幾何結構進行重新調教
將43mm Showa SFF-BP全可調倒叉的高度降低了2mm.並調整了阻尼設定
而採用外置儲油槽的Showa BFRC水平連桿全可調單槍後避震器
在彈簧剛性、阻尼設置和連桿機構也都經過重新優化.並標配Ohlins防甩頭
這些改進都是可以增強後輪抓地力和彎道操控性能.
ZX-10RR的後避震與標準版的ZX-10R採用了不同的阻尼和彈簧預載設定
另外在前叉內管外部.在表面加上鈦塗層以減少摩擦.
2026 
ZX-10R搭載全新5吋TFT全彩液晶儀表.可透過Rideology APP與手機連接
並新增語音控制、逐步導航等功能.
儀表有兩種顯示模式可供騎士選擇.模式1為日常騎乘顯示
模式2為賽道顯示模式.會有條形轉速表和更多賽道相關的行車資訊.
背光會根據環境光線自動切換成白底或黑底.方便騎士在不同光線下判讀.
新車的電控系統由Bosch慣性測量單元負責監測
提供包含:牽引力控制、彈射起步、引擎煞車和智能ABS煞車系統
還有雙向快排與電子定速巡航等功能.
騎乘模式有運動、公路和雨天共三種預設模式.另有自訂義模式可供車主設定.
Kawasaki透過提高進氣口位置.在新ZX-10R/RR安裝上新型LED燈組
近光燈採用單焦點LED投射燈.而遠光燈及定位燈則採反射式.
新ZX-10R的煞車系統配置與現行版本相同.前輪採用330mm半浮動雙碟
配Brembo M50單體式四活塞輻射卡鉗.後輪則採220mm單碟配單活塞卡鉗.
原廠配胎為普利司通最新的頂級公路運動胎Battlax RS12.取代前一代的RS11輪胎
而ZX-10RR原廠配胎則是倍耐力Diablo Supercorsa SP V3輪胎
Brembo煞車系統配置的是編織油管.提供更強大的煞車力道.
SHOWA針對WorldSBK所開發的BFF前叉和BFRC 
lite水平連桿避震器
擁有賽道專用設定.有助於車輛前後重量轉移與操控性能.
新空氣力學整流罩搭配大型定風翼.讓新ZX-10R更加銳利霸氣
新ZX-10R透過底盤幾何結構的更新.搭配全新定風翼提供的更大下壓力
有助於提高後輪牽引力來增加過彎穩定性.讓進出彎的操控感再次提升.
2026 Kawasaki 
ZX-10R將有綠色、金屬霧面石墨灰兩種車色
而ZX-10RR僅推出川崎亮綠單一車色.
ZX-10R配備專有名詞

【規格】
引擎形式: 水冷四行程DOHC 16汽門四汽缸
全長(mm): 2085
全高(mm): 1180
全寬(mm): 750
軸距(mm): 1450
最低地上高(mm): 130
座高(mm): 835
淨重: 207
總排氣量: 998cc
供油方式: Keihin 47*4電子噴射
啟動方式: 電發
壓縮比: 13.0 : 1
油箱容量: 17公升
傳動形式: 濕式多片防滑離合器 6檔快排鏈條傳動 換檔快排
前懸吊系統: SHOWA SFF-BP 43mm倒叉120mm行程
後懸吊系統: SHOWA BFRC 水平連桿單槍114mm行程
輪胎(前): 120/70 - ZR17-M/C (58W)
輪胎(後): 190/55 - ZR17-M/C (75W)
前煞車系統: 330mm雙碟煞 配4活塞卡鉗 Brembo M50
後煞車系統: 220mm單碟 配單活塞卡鉗",999000,http://www.tw-kawasaki.com/photo/color/2/15268681022.jpg,http://www.tw-kawasaki.com/moto_page.php?id=12
Ninja 500 SE (EX500-J),"機車, Kawasaki","Ninja 500

【規格】
動力形式: 水冷並列DOHC雙汽缸引擎
全長: 1995mm
全寬: 730mm
全高: 1120mm
軸距: 1375mm
最低地上高: 145mm
座高: 785mm
供油: 噴射 32mm x2
乾重: 172kg
壓縮比: 11.3:1
排氣量: 451cc
最高馬力: 33.4 kW {45.4 PS} / 9,000 rpm
最大扭力: 42.6 N&#8226;m {4.3 kgf&#8226;m} / 6,000 rpm
傳動形式: 鍊條
前懸吊系統: 41mm 傳統正叉
後懸吊系統: 底部連桿 Uni-Trak、 充氣減震器和彈簧預載可調
輪胎(前): 110/70R17
輪胎(後): 150/60R17
前煞車系統: 310mm單碟配平衡驅動雙活塞卡鉗
後煞車系統: 220mm單碟派雙活塞卡鉗",318000,http://www.tw-kawasaki.com/photo/color/76/167056634676.jpg,http://www.tw-kawasaki.com/moto_page.php?id=55
Ninja 500 (EX500-G),"機車, Kawasaki","Ninja 500

【規格】
動力形式: 水冷並列DOHC雙汽缸引擎
全長: 1995mm
全寬: 730mm
全高: 1120mm
軸距: 1375mm
最低地上高: 145mm
座高: 785mm
供油: 噴射 32mm x2
乾重: 172kg
壓縮比: 11.3:1
排氣量: 451cc
最高馬力: 33.4 kW {45.4 PS} / 9,000 rpm
最大扭力: 42.6 N&#8226;m {4.3 kgf&#8226;m} / 6,000 rpm
傳動形式: 鍊條
前懸吊系統: 41mm 傳統正叉
後懸吊系統: 底部連桿 Uni-Trak、 充氣減震器和彈簧預載可調
輪胎(前): 110/70R17
輪胎(後): 150/60R17
前煞車系統: 310mm單碟配平衡驅動雙活塞卡鉗
後煞車系統: 220mm單碟派雙活塞卡鉗",234000,http://www.tw-kawasaki.com/photo/color/85/174539439685.png,http://www.tw-kawasaki.com/moto_page.php?id=56
Ninja H2SX SE (ZX1002-R),"機車, Kawasaki","2022 NInja H2 SX SE

Ninja H2 SX SE是川崎車廠於2018年發表

配備機械增壓引擎與電子懸吊的頂級旅行跑車款.

時隔三年.Kawasaki在近日為Ninja H2 SX SE做了改版

主要在於電子系統的技術升級.

新增的ARAS騎士輔助系統雷達偵測元件由Bosch提供

是全球第一輛使用該系統的日系車款.

透過車輛前後安裝的雷達感應器偵測.提供三段可調或完全關閉的

ACC自動跟車與FCW前車碰撞預警系統.

BSD盲點偵測則在有車輛靠近時.後視鏡中的LED會閃爍警示

讓騎士在長途騎乘更輕鬆.卻也更加安全.

全新的ECU透過六軸IMU提供KCMF彎道穩定管理、KTRC循跡防滑、

KLCM彈射起步、KIBS智慧ABS等電控系統監控.

另提供KQS進退快排、KEBC引擎煞車調整.VHA上坡輔助以及PMS胎壓偵測.





2022 Kawasaki Ninja H2 SX SE同樣搭載總排氣量998cc的直列四缸增壓引擎

為通過歐盟五期排放法規.Kawasaki在這顆引擎的二次進氣口新增了消音塞

以降低增壓進氣時的機械噪音.

並修改了排氣凸輪的正時以及使用新ECU對噴射系統進行新調整.提高車輛整體性能.

雖然最大馬力200PS@11,000rpm與最大馬力137.3Nm同樣維持不變

但最大扭力提前於8,500rpm湧現.讓中低速扭矩更平滑順暢.提高日常騎乘能力.

更新二檔齒輪齒數以幫助減少齒輪嚙合的共振.

液壓離合器也經過優化.修改了流向離合器片的液壓油量

提供更好的離合器釋放.可以最大限度地減少換檔負載

在車輛停止時更容易切換到空檔.





Kawasaki在2022 Ninja H2 SX SE的懸吊系統上也進行了升級

前方為SHOWA 43mm全可調倒叉.搭配SHOWA BFRC多連桿單槍後避震器

導入上一代""SE+""頂級版本上才有的KECS可調式電子懸吊控制系統

系統會主動因應路況即時調節回彈阻尼.讓舒適穩定的騎乘變得更輕鬆簡單.

前煞車系統換上制動能力更優異的Brembo Stylema輻射四活塞卡鉗

讓這部車不僅跑得快.同時也能安全妥當煞得住.





為整合車頭的雷達系統.使得2022 Ninja H2 SX SE有了不同的面容.

新的車頭造型跳脫了H2霸氣的形象風格.新車面容感覺更圓融一些.

側整流罩也一併做了更新.並配備上轉向LED大燈.以及新式後視鏡.





2022新車搭載KIPASS免鑰匙啟動、加熱手把與新坐墊

在坐墊下方也新增了一個USB充電座.方便長途旅程為3C產品充電使用.





符合人體工學的坐墊經過重新設計.能讓騎士乘坐更舒適.且有更運動化騎乘位置變化.

前後座都更寬厚舒適.平坦的後座能防止剎車時向前滑動.

讓兩人乘坐Ninja H2 SX SE長途騎乘旅遊都能更舒心享受.





新車配備的6.5吋TFT全彩多媒體液晶儀表板除了顯示豐富的行車資訊

另可透過手機應用程式「Kawasaki SPIN」與儀表連線

提供導航、音樂等多媒體.以及胎壓偵測等行車輔助系統資訊也集成顯示其中.





透過「Kawasaki SPIN」APP與儀表連線.當來電時會在儀表顯示通知.

騎士也可透過APP以手機查看燃油、里程數以及保養里程等車輛信息

而騎行日誌可用手機記錄與查看GPS路線及車輛行駛等資訊.





2022 Kawasaki Ninja H2 SX SE重新設計的排氣系統以直通管的形式佈局

有助於4,000到8,000rpm之間的扭矩更順性.





隨著電子配備的增加.新車的價格也隨之上漲

2022 Ninja H2 SX SE比舊款貴了2,000美元.

新車價格為27,500美元.配色提供一款車色.

【規格】
引擎形式: 水冷四衝程直列四汽缸DOHC 16閥門超級增壓
全長: 2174mm
全寬: 789mm
全高: 1259mm
軸距: 1480 mm
最低地上高: 130 mm
座高: 835 mm
車重: 268kg
總排氣量: 998 cc
供油方式: 噴射 φ40 mm x 4
啟動方式: 電發
壓縮比: 11.2:1
最高馬力: 147.1 kW {200 PS} / 11,000 rpm
最大扭力: 137.3 N&#8226;m {14 kgf&#8226;m} / 8,500 rpm
油箱容量: 19公升
傳動形式: 鍊條.六速
前懸吊系統: 43 mm 全可調倒立式前叉 KECS電子懸吊控制系統
後懸吊系統: SHOWA BFRC全可調單槍避震 Uni-Track多連桿機構 KECS電子懸吊控制系統
輪胎(前): 120/70ZR17M/C (58W)
輪胎(後): 190/55ZR17M/C (75W)
前煞車系統: 雙320mm半浮動碟 輻射四活塞卡鉗 BREMBO Stylema
後煞車系統: 單250mm鑽孔碟配兩活塞卡鉗",888000,http://www.tw-kawasaki.com/photo/color/2/15268681022.jpg,http://www.tw-kawasaki.com/moto_page.php?id=28
Z 500 (ER500-E),"機車, Kawasaki","Z 500

【規格】
動力形式: 水冷並列DOHC雙汽缸引擎
全長: 1995mm
全寬: 800mm
全高: 1050mm
軸距: 1375mm
最低地上高: 145mm
座高: 785mm
乾重: 172kg
壓縮比: 11.3:1
供油: 噴射 32mm x2
排氣量: 451cc
最高馬力: 33.4 kW {45.4 PS} / 9,000 rpm
最大扭力: 42.6 N&#8226;m {4.3 kgf&#8226;m} / 6,000 rpm
傳動形式: 鍊條
前懸吊系統: 41mm 傳統正叉
後懸吊系統: 底部連桿 Uni-Trak、 充氣減震器和彈簧預載可調
輪胎(前): 110/70R17
輪胎(後): 150/60R17
前煞車系統: 310mm單碟配平衡驅動雙活塞卡鉗
後煞車系統: 220mm單碟派雙活塞卡鉗",234000,http://www.tw-kawasaki.com/photo/color/85/174539439685.png,http://www.tw-kawasaki.com/moto_page.php?id=57
Z 650 (ER650-S),"機車, Kawasaki","2026 Z 650 S

【規格】
引擎形式: 水冷四行程DOHC雙汽缸
全長: 2055mm
全寬: 765mm
全高: 1065mm
軸距: 1410mm
最低地上高: 130mm
座高: 790mm
乾重: 173kg
總排氣量: 649cc
供油方式: Keihin 36mm*2電子噴射
啟動方式: 電發
壓縮比: 10.8:1
最高馬力: 68ps/8000rpm
最大扭力: 64Nm/ 6,500rpm
油箱容量: 15公升
傳動形式: 鍊條.六速
前懸吊系統: 41mm套管油壓前叉125mm行程
後懸吊系統: 單筒避震 預載調較130mm行程
輪胎(前): 120/70 - ZR17
輪胎(後): 160/60 - ZR17
前煞車系統: 300mm雙碟雙活塞卡鉗
後煞車系統: 220mm單碟單活塞卡鉗",278000,http://www.tw-kawasaki.com/photo/color/86/170073127886.jpg,http://www.tw-kawasaki.com/moto_page.php?id=43
Z 900 (ZR900-F),"機車, Kawasaki","2025 Z 900

【規格】
引擎形式: DOHC 十六汽門, 四行程水冷型直列四缸
全長: 2065mm
全寬: 830mm
全高: 1075mm
軸距: 1450mm
最低地上高: 145mm
座高: 830mm
車重: 213 / 214kg
總排氣量: 948cc
供油方式: Keihin 36mm*4電子噴射
啟動方式: 電發
壓縮比: 11.8:1
最高馬力: 91.0 kW {123 PS} / 9500 rpm
最大扭力: 97.4Nm / 7700 rpm
油箱容量: 17公升
傳動形式: 鍊條.六速
前懸吊系統: 41mm套管油壓倒立前叉
後懸吊系統: 水平式back-link避震器, 回彈預載可調 / Ohlins S46避震器.回彈阻尼與遠程彈簧預載可調
輪胎(前): 120/70 - ZR17
輪胎(後): 180/55 - ZR17
前煞車系統: 300mm雙碟4活塞卡鉗 / 300mm半浮動雙碟配Brembo M4.32 一體式徑向對4活塞卡鉗
後煞車系統: 250mm單碟單活塞卡鉗",456000,http://www.tw-kawasaki.com/photo/color/80/167178248180.jpg,http://www.tw-kawasaki.com/moto_page.php?id=48
Z 650RS (ER650-R),"機車, Kawasaki","2022 z 650 RS

2022_10_重車論壇試車報告

【規格】
引擎形式: 水冷四行程DOHC雙汽缸
全長: 2065 mm
全寬: 800 mm
全高: 1115 mm
軸距: 1405mm
最低地上高: 125mm
座高: 820mm
乾重: 187kg
總排氣量: 649cc
供油方式: Keihin 36mm*2電子噴射
啟動方式: 電發
壓縮比: 10.8:1
最高馬力: 68ps/8000rpm
最大扭力: 64Nm{6.5 kgf&#8226;m}/ 6,500rpm
油箱容量: 12公升
傳動形式: 鍊條.六速
前懸吊系統: 41mm套管油壓前叉125mm行程
後懸吊系統: 單筒避震 預載調較130mm行程
輪胎(前): 120/70 - ZR17
輪胎(後): 160/60 - ZR17
前煞車系統: 300mm雙碟雙活塞卡鉗
後煞車系統: 220mm單碟單活塞卡鉗",398000,http://www.tw-kawasaki.com/photo/color/83/170044518683.jpg,http://www.tw-kawasaki.com/moto_page.php?id=49
ELIMINATOR 500 SE (EL450-B),"機車, Kawasaki","Eliminator 400

【規格】
引擎形式: 水冷四行程雙汽缸
全長(mm): 2250mm
全寬(mm): 785mm
全高(mm): 1100mm
軸距(mm): 1520mm
最低地上高: 130mm
座高(m): 705mm
裝備重: 176kg
總排氣量: 398cc
供油方式: Keihin 電子噴射
啟動方式: 電發
壓縮比: 11.5:1
最高馬力: 48匹／10,000rpm
最大扭力: 3.8公斤米／8,000rpm
油箱容量: 12
傳動形式: 鍊條.6檔
前懸吊系統: 套管油壓前叉
後懸吊系統: 雙槍後避震
輪胎(前): 130/70 - ZR18
輪胎(後): 150/80 - ZR16
前煞車系統: 單碟雙活塞卡鉗
後煞車系統: 單碟單活塞卡鉗",328000,http://www.tw-kawasaki.com/photo/color/90/171515437390.png,http://www.tw-kawasaki.com/moto_page.php?id=53
FORZA350,"機車, Honda","無論大型重車的流行車款如何推陳出新
						便利性無可取代的大型速克達仍有眾多死忠車迷.
						原因無他.自動變速系統讓操作輕鬆簡便好上手
						同時坐墊下方的大型置物空間.讓通勤或出遊時
						隨身行李裝載更加便利.因此使用大羊來代步或旅行
						都是相當不錯的一種選擇.
						在2020年改款升級排氣量與馬力的Honda Forza 350
						於去年底再次推出小改款的2023 Forza 350.
						這次新車主要著重於外型的修改與進化
						車頭換上全新設計的雙LED大燈.搭配新LED尾燈組
						讓車型看來更加銳利有型.也更有現代化的科技感
						將原本看起來簡單優雅的外觀蛻變得更有現代感的運動風格.

泰國Honda發表的2023 Forza 350共推出兩個版本與兩個特仕版
						標準版提供紅、藍、灰黑、消光黑共四款車色.
						另一個搭載HSVCS本田語音控制系統的Roadsync版本
						則以金色輪框與標準版作為識別區隔.
						而其中一個特仕版就是圖中的2023 Forza 350 Nitron Neon TH1
						後避震升級為英國避震器大廠-Nitron生產的高階掛瓶可調避震器
						搭配更加動感的車身彩繪.讓Forza 350簡簡單單就呈現出不同樣貌.
						Forza 350 Nitron特仕版在泰國當地售價為221,800泰銖.

&quot;身為一道彩虹.雨過了就該閃亮整片天空&quot;
						那身為一部大羊.當然要有充足的置物空間囉!
						Forza 350坐墊下方擁有可容納兩頂安全帽的48L大容量置物空間
						搭配配置有USB-C充電孔的前手套箱
						加上高低可調幅度150mm的無段式電動可調風鏡
						可讓騎士針對自身身高來自由調整風鏡高度
						在跨境騎乘高架道路或高速巡航時.減少迎面風壓帶來的疲累感
						出遊時也能擁有更輕鬆舒適的騎行旅程.

全新設計的雙LED鷹眼大燈取代原先的一體搭燈設計
						加上線條更稜角分明日行燈條.使得新Forza 350眼神更加犀利.
						新尾燈組同樣是將方向燈整合在一起.將尾燈燈條設計稍加修改
						卻展現出科技感十足.與大燈相得益彰的現代美感.
						ESS緊急剎車警示系統同樣也沒有缺席.在時速50公里以上緊剎減速時
						後方向燈會以閃爍方式搭配亮起的剎車燈警示後方來車注意.

儀表也是全新設計.大致佈局維持先前的雙環儀表搭配LCD顯示幕配置
						但是新Forza 350儀表的LCD顯示幕的區域向下延伸
						將原先在LCD顯示幕下方的指示燈號分別配置在雙環儀表下方
						讓螢幕顯示資訊的閱覽辨識度更加清晰.

新Forza 
						350動力心臟維持採用330cc eSP+ SOHC四氣門單汽缸引擎.
						在7,500rpm時可提供29hp的最大馬力
						最大扭力3.26kg-m則是在5,250rpm時湧現.
						搭配HSTC可選扭矩控制系統.雙通道ABS與ESS緊急剎車警示系統
						讓輕鬆騎乘享受的同時.也給予足夠的安全防護.

【規格】
引擎形式: 水冷四行程SOHC四汽門單汽缸
全長(m): 2143
全寬(m): 754
全高(m): 1507
軸距(m): 1510
最低地上高(m): 140
座高(m): 780
乾重: 187KG
總排氣量: 329.6
供油方式: PGM FI噴射
啟動方式: 電動
壓縮比: 10.5:1
最高馬力: 29hp@7500rpm
最大扭力: 3.26kgm@5250rpm
油箱容量: 11.7L
傳動形式: cvt
前懸吊系統: 套管前叉
後懸吊系統: 雙筒避震附預載調較
輪胎(前): 120/70r-15M /C (56P)
輪胎(後): 140/70r-14M /C(62P)
前煞車系統: 256mm單碟 ABS煞車
後煞車系統: 240mm單碟 ABS煞車",258000,https://moto.honda-taiwan.com.tw/file/Img/08dd7d8a-06da-e6db-0120-fb13fc0505e0,https://moto.honda-taiwan.com.tw/motor/Detail/60cbbc93-98ce-43f8-987b-5e25f885c8fa
ADV350,"機車, Honda","本田車廠於2021年第四季
						發表的全新黃牌級距速克達車款ADV350
						新車採多功能設定.因此擁有較高的底盤.運動化的懸吊系統
						與龜殼紋路的林道輪胎.可應付不同的路況騎乘使用.
						
						新車配備的330cc單汽缸水冷eSP+引擎.能提供29匹馬力.
						符合歐盟5期排放法規認證.滿桶油可續航340公里
						後輪提供HSTC循跡防滑系統偵測管理.當打滑時主動介入油門控制
						ESS系統可以在緊急煞車時雙閃方向燈增加警示後方車輛
						另外坐墊下方擁有48公升大容量置物空間可放入兩頂安全帽
						並提供USB Type-C充電孔.而配置的LCD液晶儀表
						與手機APP連線後可智能語音控制多項功能
						LED大燈也是標準配備.

另有提供選配套件
						包含50公升的後行李廂搭配貨架
						加熱手把與車罩
						
						2022年式ADV350提供亮色金屬銀.消光黑與金屬紅色提供選擇

【規格】
引擎形式: 水冷四行程SOHC四汽門單汽缸
全長(m): 2200
全寬(m): 895
全高(m): 1430
軸距(m): 1520
最低地上高(m): 145
座高(m): 795
乾重: 186KG
總排氣量: 329.6
供油方式: PGM FI噴射
啟動方式: 電動
壓縮比: 10.5:1
最高馬力: 29hp@7500rpm
最大扭力: 3.26kgm@5250rpm
油箱容量: 11.7L
傳動形式: V-Matic 自動變速箱
前懸吊系統: 套管前叉
後懸吊系統: 雙筒避震附預載調較
輪胎(前): 120/70r-15M /C (56P)
輪胎(後): 140/70r-14M /C(62P)
前煞車系統: 256mm單碟 ABS煞車
後煞車系統: 240mm單碟 ABS煞車",278000,https://moto.honda-taiwan.com.tw/file/Img/08db0a80-8eb0-ff8f-0120-fb2bdc03b0f9,https://moto.honda-taiwan.com.tw/motor/Detail/a3589a20-32e7-458f-bd49-3a366bd814ef
CB1000F,"機車, Honda","2026 CB1000
F

今年初在41屆大阪車展中亮相的Honda全新復古街車-CB1000F
						終於正式發表即將在日本量產上市.
						初見CB1000F.大家一定都被銀色搭配藍色線條拉花的塗裝亮眼到
						尤其是資深車迷.肯定知道這就是&quot;Spencer塗裝&quot;.
						以80年代的CB750F為藍本所打造的CB1000F
						保留了CB車系經典風格元素.搭上豐富的新式科技配備
						讓騎士在享受復古車型的風華之外.在操控性能與實用性上都有更舒適的平衡.

Honda 
						CB1000F搭載與CB1000 Hornet相同的999cc水冷直列四缸引擎
						不過為配合車型使用取向.引擎內部經過重新調教
						將Hornet較傾向高轉速性能改為著重在中低轉速域輸出
						可提供122hp@9,000rpm最大馬力與103Nm@8,000rpm最大扭力.
						進排氣系統採用新設計的空氣漏斗和三腔消音塞
						讓中低速扭力提升、進排氣聲浪更加悅耳
						而新的4-2-1排氣系統則是為了呈現80年代的復古風格.
						變速箱在一檔與二檔的傳動齒比改得較低.以提升低速反應與加速性能
						而三到六檔則換上更高的傳動比.讓高速更線性、舒適.
						標配輔助滑動式離合器.並可選配進退檔快排系統.

CB1000F底盤採用鑽石型鋼管車架搭配更長的全新副車架
						讓前後一體式座椅有更舒適的乘坐空間.
						懸吊系統搭載Showa 41mm SFF-BP倒立式前叉與Pro-Link單槍後避震器
						前叉為預載、壓縮/回彈阻尼皆可調.後避震的預載、回彈阻尼也可調整.
						前、後避震行程分別為130mm、140mm.

5吋TFT全彩液晶儀表提供三種顯示佈局與黑、白兩種背景色可調整.
						也可與藍牙系統連接.透過Honda RoadSync APP
						在儀表上顯示導航、音樂播放等多媒體功能.
						CB1000F電控系統搭載了線控油門、六軸IMU、彎道ABS
						還有包含標準、雨天、運動及兩組自訂義的五種騎行模式.
						在各模式下會有不同的動力輸出、引擎煞車和牽引力控制
						自訂義模式則可提供騎士透過左邊手把按鈕自行微調成自己最適合的組合.
						CB1000F也標配keyless免鑰匙系統與USB-C充電孔.

CB1000F搭載帶有DRL日行燈環繞的LED大圓燈
						直接保留下CB車系最經典的風格.尾燈則配有ESS緊急剎車警示燈功能.
						而CB1000F SE版則配上復古風格更加濃烈的大燈頭罩等配備.

CB1000F 
						SE除了比標準版多了大燈頭罩、水箱護網、加溫手把等配件外
						還標配讓騎乘更加暢快的進退檔快速排檔系統.
						以上配件也有提供給標準版CB1000F車主各別選配
						不過特殊縫線的坐墊則是SE版獨有.無法透過選配擁有.

CB1000F制動系統前方搭載Nissin徑向四活塞卡鉗配310mm雙浮動碟
						後方則為Nissin單活塞卡鉗配240mm單碟.標配與六軸IMU配合的彎道ABS.

795mm的座高搭配自然的騎姿設定.讓騎士在長途騎乘依然輕鬆舒適.

CB1000F標準版日本當地售價含稅為139.7萬日圓
						提供狼銀金屬色搭配藍色線條、狼銀金屬色搭配灰色線條以及石墨黑共三種車色.
						而CB1000F SE版本預計在2026年1月16日才會正式上市.當地售價含稅為159.5萬日圓

【規格】
引擎形式: 直列水冷四缸DOHC 16V 引擎
全長(mm): 2135
全寬(mm): 835
全高(mm): 1125
軸距(mm): 1455
最低地上高: 135
座高(mm): 795
裝備重: 214
總排氣量: 999
供油方式: PGM FI噴射
車架形式: 鑽石鋼管車架
啟動方式: 電發
壓縮比: 11.7:1
最高馬力: 122HP@ 9,000rpm
最大扭力: 10.48kg-m@ 8000rpm
油箱容量: 16 L
傳動形式: 鍊條 六速
前懸吊系統: Showa 41mm SFF-BP全可調倒叉.行程 5.1 英寸
後懸吊系統: Showa Pro-Link後避震器.行程140mm
輪胎(前): 120 / 70 17
輪胎(後): 180 / 55 17
前煞車系統: Nissin徑向四活塞卡鉗配310mm雙浮動碟
後煞車系統: Nissin單活塞卡鉗配240mm單碟",508000,https://moto.honda-taiwan.com.tw/file/Img/08de8558-6beb-f43f-0120-fb1b74024cba,https://moto.honda-taiwan.com.tw/motor/Detail/e8e9b71f-a34c-488d-af0a-ed45bb142932
CB1000 Hornet SP,"機車, Honda","CB1000 Hornet SP

在2023年EICMA米蘭車展中發表亮相的Honda CB1000 Hornet
						時隔一年終於正式宣布量產上市.並帶來配備更高階的SP版本一同推出.
						CB1000 Hornet SP不僅搭載上可提供更運動操控表現的Ohlins TTX36後避震器、
						Brembo Stylema卡鉗與進退檔快排等配備.動力輸出也比標準版更稍漲.
						SP版的9,999英鎊對比標準版的8,999英鎊
						不光是配備部分的升級.連同動力方面也有所提升
						折合台幣不到4萬2的價差.車迷應該都會被吸引直上SP版吧!

CB1000 
						Hornet SP搭載排氣量1,000cc的水冷DOHC直列四缸引擎
						這顆引擎借鑿自2017 CBR1000RR來而.透過汽門正時、凸輪軸的修改及壓縮比調降
						可提供155HP@11,000rpm的最大馬力與107Nm@9,000rpm的最大扭力
						而標準版的動力則稍低.擁有150HP/104Nm的動力輸出.
						這兩者之中的差異在於4-2-1排氣系統消音器中的RC閥門
						該閥門在引擎低速運轉時保持完全關閉狀態
						當轉速高於5,700rpm時就會完全打開.讓引擎能夠暢快地深呼吸.
						六速變速箱也來自CBR1000RR.但檔位齒比則都經過重新修改.以更符合Hornet的取向.
						標配輔助/滑動離合器.而SP版多了進退檔快排這項標配.
						電控部分包含TBW線控油門.提供標準、雨天、運動三種預設騎乘模式
						另外也有兩種自訂義模式可供騎士設定.每種模式下都有不同的動力輸出、
						3級引擎剎車、4級HSTC牽引力和車輪離地控制皆有不同的干預級別.
						引擎也換上新的橡膠支架以減少行駛時的振動感.增加騎乘舒適感.

CB1000 
						Hornet SP底盤採用新型的一體式鋼製雙樑車架
						本田表聲稱它的抗扭轉剛性比CB1000R提高了70%
						並將近51%的重量集中在前輪上.可賦予它更好的運動操控性能.
						懸吊系統前方採用全功能可調的41mm Showa SFF-BP倒立式前叉
						而SP版本的前叉外管是耀眼的金色塗層.搭配的後避震也換上Ohlins TTX36
						與標準版的Showa中置單槍後避震器的配置有所不同.

車頭大燈左右兩側各採用兩顆LED投射燈.讓CB1000 Hornet SP的車頭面容
						真的頗有大黃蜂的昆蟲意象.透露出它的銳利、敏捷車性.
						全車燈具皆採用LED燈系.提供明亮與明確的警示效果
						ESS緊急剎車僅是系統也搭載於CB1000 Hornet SP上.

CB1000 
						Hornet SP儀表採用光學黏合玻璃的5吋TFT全彩螢幕
						在戶外艷陽下也能提供出色的可視性.同時還可以透過Honda RoadSync APP
						輕鬆與智慧型手機連接.在儀表顯示導航等功能.

CB1000 
						Hornet SP版前剎車搭載Brembo Stylema徑向四活塞卡鉗搭配310mm雙浮動碟
						比起標準版的Nissin徑向四活塞卡鉗.可提供騎士更卓越的制動效能
						搭配雙通道ABS剎車防鎖死系統.在遇到緊急剎車時也能確保信心.

CB1000 
						Hornet SP版與標準版前懸吊皆採用41mm Showa SFF-BP全可調倒立式前叉
						而SP版後輪則搭載更高階的Ohlins TTX36避震器.以提供更好的支撐性與運動表現.

Honda 
						CB1000 Hornet SP採用獨特的霧面彈道金屬黑搭配沙漠金屬漆
						以及金色Showa SFF-BP倒叉、金色輪框.呈現出銳利的運動化風格.

新型鋼製雙樑車架讓CB1000 Hornet SP比起CB1000R增加了70%的抗扭轉剛性
						搭配進退檔快排、Ohlins TTX36後避震器與Brembo Stylema卡鉗等配備加持
						提供更精準、敏捷的操控表現.

雖然騎乘坐姿是採用較直立的設定.不過腳踏位置的設置
						還是能讓騎士保有運動性的傾角.提供流利暢快的操控享受.

【規格】
引擎形式: 直列四缸DOHC 16V 引擎
全長(mm): 2141
全寬(mm): 790
全高(mm): 1084
軸距(mm): 1455
最低地上高: 135
座高(mm): 809
裝備重: 212
總排氣量: 1000
供油方式: PGM FI噴射
車架形式: 鋁合金車架
啟動方式: 電發
壓縮比: 11.7:1
最高馬力: 111.6kW 155HP@ 11,000rpm/
最大扭力: 1107Nm @ 9,000rpm
油箱容量: 17 L
傳動形式: 鍊條 六速
前懸吊系統: Showa 41mm SFF-BP全可調倒叉.行程118mm
後懸吊系統: Olins TTX36後避震器.行程138mm
輪胎(前): 120 / 70 17
輪胎(後): 180 / 55 17
前煞車系統: Brembo Stylema 四活塞前煞車卡鉗搭配 310mm 浮動碟
後煞車系統: 240nn單碟配Nissin單活塞卡鉗",538000,https://moto.honda-taiwan.com.tw/file/Img/08ddb930-6cee-1dbe-0120-fb13fc050ab5,https://moto.honda-taiwan.com.tw/motor/Detail/14409e6f-fce7-42a0-af8e-b9d46eb4076f
CB650R E-Clutch,"機車, Honda","2024 CB650 R

Honda車廠在2023年第四季為旗下中量級車款大幅度地進行升級進化
						包含2018年底在米蘭車展發表.並於隔年上市的新世代復古運動街車CB650R.
						新CB650R的外觀設計更趨向老大哥CB1000R
						從造型相同的頭燈設計、車側導風口、油箱造型、新坐墊
						一直到更富線條感的車尾設計.整體外觀都蛻變得更霸氣有型.
						加上Honda為新CB650R與運動街跑CBR650R導入最新的E-Clutch電子離合器
						並搭載最新5吋TFT全彩液晶儀表等最新配備
						將Neo Sports Cafe的風格與新式科技作更多的結合
						為新世代復古運動街車的定義增添更多層級.

2024 
						CB650R搭載排氣量649cc的水冷DOHC並列四缸引擎並未更動
						在12,000轉可釋放93.9hp的最大馬力.63Nm的最大扭力則在9,500湧現.
						新車除了標配輔助滑動離合器與可調節的HSTC牽引力控制系統之外
						Honda也在新CB650R上導入最新的E-Clutch電子離合器技術.
						不同於DCT少了離合器控制的樂趣.也不像快排系統要在高轉速下才能使用
						E-Clutch電子離合器可將六速變速箱自動化
						允許騎士在騎乘換檔甚至起步、停車都免拉離合器拉桿即可作用
						大大增加騎士在市區雍塞路況騎乘時的便利與舒適性.
						不過該系統列為選配.提供準車主依造所需自行決定選購與否.

2024 
						CB650R的底盤與制動部分同樣都沒有更動.採用鋼製鑽石型車架
						搭配Showa 41mm SFF-BP USD倒叉與Pro-Link中置後避震器.
						剎車系統由Nissin擔綱.前採310mm雙碟配四活塞輻射卡鉗
						後方則為240mm單碟配單活塞卡鉗.並標配雙通道ABS剎車防鎖死系統.
						雖然這些配備都沒有更新升級.不過原本的配置就已能滿足絕大部分的需求.

2024 
						CB650R大燈換上與大哥CB1000R相同的設計
						以類似水滴與馬蹄型的U型燈條包圍的LED大燈.從車側看去有點向後傾斜
						比起原本的圓形LED大燈就是多了點流線感.
						新油箱的線條變得更簡潔.靠近車頭兩側的飾蓋換成導風孔設計
						應該有助於騎乘時的導流降溫效能.

2024 
						CB650R儀表也換上新型的5吋TFT全彩液晶顯示幕
						可與Honda RoadSync APP進行連結.提供包含導航、音樂撥放等多媒體功能.
						新儀表不僅顯示功能豐富.顯示位置的配置與豔陽下的可視性都相當清晰
						讓騎士在行進中能輕鬆明辨.一目了然.

E-Clutch電子離合器的作用原理與電子快速排檔系統相似
						讓騎士無須拉動離合器拉桿就能直接進行換檔操作.
						不過這套E-Clutch在車輛起步、換檔和停車時的驅動力變化情況下也能使用
						不像快排系統要在高轉速下才能運用.
						系統提供三種預設靈敏度可供調整.透過ECU與引擎點火和噴射系統結合
						以確保盡可能的讓騎士擁有平順的起步以及換檔需求.

換上全新外觀設計的2024 Honda CB650R變得更加勁銳霸氣
						導入HSTC循跡系統、E-Clutch電子離合器等功能的切換
						都可透過左邊把手四向桿開關進行級數選擇.
						2024 Honda CB650R車重比起前一代增加了了2kg.為205kg.
						若在新車選配搭載E-Clutch電子離合器.車重則會再增加2kg到207kg.
						新坐墊的設計更有弧度.看起來的乘坐感應該更為舒適
						座高維持810mm的設定.座墊下方配置有USB-C充電孔.

2024 
						CB650R將有糖果紅、消光黑以及新的消光金屬綠與珍珠灰
						共四款車色提供選擇.預計於2024年陸續在全球各國發表上市.
						提供標本版與搭載E-Clutch電子離合器的選配版共兩種版本.
						Honda也為新CB650R提供多種原廠精品選配
						包含有五段加溫手把與油箱及後座包的舒適套
						或是在水箱罩、油箱兩側、前土除兩側加上鋁合金飾蓋的風格套件.
						另外也有包含進退檔快排與風鏡等運動套件提供騎士選擇

【規格】
引擎形式: 水冷四行程DOHC16汽門並4汽缸
全長(mm): 2130
全寬(mm): 780
全高(mm): 1075
軸距(mm): 1450
座高(mm): 810
裝備重: 205.8kg
總排氣量: 649cc
供油方式: PGM FI 噴射
啟動方式: 電發
壓縮比: 11.6: 1
最高馬力: 70 kW (93,9 CV) a 12.000 r.p.m.
最大扭力: 46.5 lb-ft @ 9,500 rpm
油箱容量: 15.4公升
傳動形式: 濕式多片離合器鏈條傳動 6速 E-Clutch電子離合器
前懸吊系統: SHOWA 41mm SFF-BP USD倒立式前叉 120mm行程
後懸吊系統: Monoshock 十段預載可調單槍式避震器
輪胎(前): 120/70ZR – 17M/C 58W
輪胎(後): 180/55ZR – 17M/C 73W
前煞車系統: 310mm碟煞 配四活塞輻射卡鉗 abs
後煞車系統: 240mm單活塞單碟",389000,https://moto.honda-taiwan.com.tw/file/Img/08dc367f-c2dd-849e-0120-fb13fc03ac4a,https://moto.honda-taiwan.com.tw/motor/Detail/13a76ffa-82f9-4017-b006-5a4240cba57f
CB300R,"機車, Honda","近年來.HONDA車廠將旗下銷售車款

區分為運動車(Sport)與街車(Naked)兩種主力

車迷熟知的CBR就是屬於純種運動跑車.

特色就是車名後面的R接的越多馬力就越大

引擎採高轉速設定.騎士享受的是熱血的速度感

而CB則是街車系列.重視的是中低速的扭力

厚實的坐墊與端正的騎姿更適合都會通勤與長途旅行





而近年來.由於運動街車的興起

因此本田車廠.以Neo Sports Caf&eacute;為名

將CB車款.從傳統街車中分支出全新的運動化車型

這樣的HONDA CB.擁有跑車的懸吊

與高轉速的引擎設定.

造型更具流線感.卻也保留了街車的舒適騎姿

因此上市後.非常受到車迷的喜愛

全球銷售表現也相當亮眼

目前運動版本的CB車系

在市場上共有四汽缸的CB1000R與650R

和單缸版本的CB300R與125R四款車型銷售





而本次重論帶各位體驗的

是2022年小改款的黃牌級距車款-CB300R

透過本次試車報導.我們將一探這部輕量級的運動街車

能帶給車迷什麼樣的騎乘感受



規格與配備



本次體驗的CB300R

是2017年上市車型的小改款

同樣搭載DOHC水冷單汽缸引擎

能在8250轉時產生30匹的馬力

並於7500轉時釋放2.8公斤米的最大扭力

值得一提的是.本次台灣總代理引進的CB300R

最大馬力與歐規版本差異不大.僅提早了250轉爆發.

雖然引擎設定與上一代相同.但透過工程師優化調教之後

能符合歐盟五期的排氣規範.並且相當省油

加滿油能行駛300公里.平均一公升能行駛30公里.





在底盤部分.CB300R的車台採鋼管車架設定

透過混合材質將重量壓到最低.但仍保有水準之上的剛性表現

另外部小改款的CB300R升級了前叉總成.

配備與運動跑車CBR650R相同的41mm Showa SFF-BP倒立式前叉.

特色就是加大內部阻尼活塞.讓路感更清晰.支撐性也更好.

前輪採用110尺寸輪胎.

搭配296mm單碟搭配輻射四活塞卡鉗.

後輪為150輪胎

使用220mm碟盤.單活塞卡鉗.搭配7段預載可調的單槍後避震

另外這部CB300R配備了高階的彎道ABS煞車

搭配IMU動態控制介入時機.讓過彎減速時的穩定性更高.

但由於是一部入門等級的車款

因此這部新車並沒有配備如TC循跡防滑或動力模式等電控系統



						造型設計



或許是因為Neo Sports Caf&eacute;的風格設定相當符合車迷胃口

因此雖然是小改款的版本

但是在造型上.幾乎與2017年的CB300R完全相同

這包含復古風格的大圓燈崁入LED燈系

有菱有角的油箱設計帶出了犀利感.

粗壯的倒立前叉讓整部車更具跑格

迴力鏢造型的水箱側罩.讓外型更厚實飽滿且有層次

削尖上翹的車尾極簡設計.讓這部新車.更有跑車的風範

而2022年式的版本僅在油箱與排氣尾管的造型做了些許的修改

即便看了很多年.還是覺得這CB300R.確實是一部造型優美的車





在復古的外衣下加入了科技感.戰鬥化的設定確保有舒適騎乘坐姿.

這部車的設計真正做到不挑年齡層的存在.

接著跨上車.來體驗這部新車的騎乘表現



						騎乘表現



雖然是一部黃牌等級的中型重機

但CB300R的車身尺碼.算是相當精巧.

僅144公斤的車重.讓試車組第一次跨上這部新車時

感覺騎乘的是一部150cc的小檔車.

799mm的座高比起同級的運動街車款如川崎Z400(785mm)

或寶馬的G310(785mm)都還要高一些.





但因為後懸吊預設Q軟.上車後座高下沉的幅度較大

因此身高約165左右的騎士.可以輕鬆的雙腳駐車.

發動引擎後.低鳴的聲音從排氣管湧現.

輕催油門可以感受到Neo Sports Caf&eacute;的律動

比起近乎無聲的歐系同級車.

CB300R除了造型好看.聲浪也是迷人之所在





另外為了搭配車身造型的線條

這部新車的坐墊.在造型上看來相當單薄

感覺是一部只能短程騎乘的FunBike

但實際跨上車後.發現乘坐感舒適且扎實

同時緊湊的車身設定.讓手把離身體很近

因此騎士會以比較直挺的姿勢騎乘.搭配加高的後座形成的厚實腰靠

讓這部運動街車騎乘起來格外的輕鬆無負擔

接著排入一檔駛入車道.感受一下CB300R的動力表現.



						動力表現



由於搭載的是一具286cc單汽缸引擎

因此試車組對這部CB300R的性能表現並不會有太多的期望

但排入一檔後釋放離合.卻可感受到起步的力量相當飽滿

油門稍微重一點甚至有前輪浮舉的情況發生

以輕檔車而言這樣的出力相當優異.

但這樣的低速扭力表現僅在一檔起步時比較有感

二檔之後基本上都要用較高的轉速帶出馬力.

才能保持一氣呵成的加速感





過程中轉速掉到3千轉以下.則會有重拖的感覺

另外若採拉高轉速騎乘.約莫在8000轉左右

動力就會開始明顯遞減.

在原廠規格數據表中.這部車0-100的加速成績為6.5秒

以一部300cc輕檔車而言並不算慢

若能保持在4到8千轉間駕馭這部車

相信也可以玩的非常開心.





另外值得一提的是.比起17年版本讓車主詬病的騎乘震動

這部新車的引擎運轉表現算是精緻

拉高轉速騎乘時並沒有太多的震動感.

感覺這個問題在本次小改款已做了修正



						操控表現



CB300R雖然不是一部純種跑車

但整部車的配備卻非常運動化

僅1352mm的車身短軸距配置

比起同級的YAMAHA R3.還要縮短了將近三公分

讓這部新車在市區車陣穿梭時.

非常的輕巧流利.完全沒有大型重機的沉重感





進入山道騎乘新車配備的Showa SFF-BP倒立式前叉

發揮了最佳的效能.

在面對低速小坡道時.這部車的轉向相當靈巧精準

基本上就是看哪打哪.面對刁鑽的S型彎道

整個通關過程可以說是完全不費吹灰之力.

面對弧度較大的高速彎

CB300R的懸吊指向性相當優異





車台的剛性表在也在水準之上

使用較深的傾角穩穩地往出彎的方向挺進

過程中沒有晃動或漂浮的情況發生

很難想像這是一部重量僅144公斤的輕檔車

所能帶來的彎道感受.除了優異的底盤

近乎50-50的車身前後配重.也是功不可沒





另外2022年式升級的A&amp;S滑動式離合器

在入彎退檔時.能感受到伴隨而來的頓挫感明顯抵銷很多

在山道騎乘時.順暢度明顯增加.也降低了疲累感

雖然沒有強大的馬力加持

但這部全新的CB300R.在山道中確實可以騎的熱血飛快.



						結語



一整天與這部CB300R相處

感受到這部新車優美的造型設計

在作靜態拍攝時.幾位試車組的工作人員

就站在車旁邊好幾分鐘.什麼事都不做.

就只是靜靜的端詳這部車.





另外舒適的騎乘姿勢可以久騎不累

但由於精簡的車頭設計讓騎士身體的撞風感非常明顯

如果作為長途旅行使用可能要考慮加個風鏡

而優異的懸吊表現讓山道高速過彎如同切豆腐一般的輕鬆

但由於成本考量這部新車的懸吊沒有提供阻尼軟硬調整的功能

因此騎士無法針對地形與騎乘風格作懸吊設定

這是比較可惜的地方.





另外大熱天在山道中以高轉速奔馳

也感受不到熱氣傳達.不過水冷箱的風扇倒是時不時的就轉了起來.

另外小改款的CB300R.在儀表板新增了檔位顯示.

無論是新手騎乘.或是山道操駕.檔位顯示都是一個相當貼心的配置

而試車組一致認為.準車主入手這部車以後

最需要升級的.就是制動的部分.原廠提供的煞車效能

只在夠用的水準.對於一部以運動表現作為賣點的車而言

這樣的煞車效能確實差強人意.建議先從來令片的升級開始改起

慢慢的找回讓自己安心的煞車手感.



無論如何..這部2022年式的HONDA CB300R

確實是完美兼顧了舒適騎乘與運動表現

如果您近期想找一部可以在市區方便通勤

假日可以開心的遊山玩水.甚至可以偶爾在山道熱血一下

感受暢快騎乘.那麼請務必找機會體驗一下這部新車

相信它的表現不會讓您失望

【規格】
引擎形式: 水冷四衝DOHC 單氣缸
車長: 2020mm
車寬: 805mm
車高: 1050mm
軸距: 1352mm
最低地上高: 151mm
座高(m): 799mm
裝備重量: 144公斤
總排氣量: 286cc
供油方式: PGM-F1電子燃油噴注系統
啟動方式: 電動
壓縮比: 10.7:1
最高馬力: 30hp / 8,250rpm
最大扭力: 2.8公斤米/7,500rpm
油箱容量: 10.1公升
傳動形式: 6前速鏈條傳動
前懸吊系統: 42mm倒立式前叉 SHOWA SFF-BP
後懸吊系統: 單預載可調
輪胎(前): 110/70 – 17 54h
輪胎(後): 150/60 – 17 65h
前煞車系統: 4活塞輻射卡鉗296mm碟盤
後煞車系統: 單活塞卡鉗220mm碟盤",229000,https://moto.honda-taiwan.com.tw/file/Img/08db0a79-1872-0a0f-0120-fb2bdc03af34,https://moto.honda-taiwan.com.tw/motor/Detail/4be3a99e-667c-4af7-a401-98a84182b0e8
CBR650R E-Clutch,"機車, Honda","2024 CBR650 R

Honda車廠在2023年第四季於義大利米蘭車展上
						釋出運動旅跑車CBR650R 2024年更新版本.
						新車換上更加運動化的造型設計與全車LED燈系
						並搭載可與手機APP連結的5吋TFT全採液晶儀表、
						HSTC循跡系統、雙通道ABS剎車系統.
						最大亮點就是Honda於日前才剛發表的E-Clutch電子離合器系統
						也可搭載於2024 CBR650R上使用.不過這項新系統需另外選配加購
						但對於常在都會穿梭騎乘的騎士無疑是一大福音

2024 
						CBR650R同樣搭載排氣量649cc的水冷DOHC並列四缸引擎
						93.9hp的最大馬力在12,000轉釋放.63Nm的最大扭力在9,500湧現.
						新車引擎雖然並無更動.不過標配上可調節的HSTC牽引力控制系統
						並可搭載最新的E-Clutch電子離合器技術.更是新車一大亮點.
						該系統比起Honda已行之有年的DCT雙離合器變速系統更輕
						搭載電子離合器系統的CBR650R僅會比標準版的209kg車重再增加2kg.
						搭配鍊條六速傳動提供動力傳輸.大大增加打檔車的操作便利性.

2024 
						CBR650R底盤採用鋼製菱形車架
						搭配Showa 41mm SFF-BP USD倒立式前叉與Pro-Link中置後避震器
						剎車系統前方由Nissin四活塞輻射卡鉗搭配310mm雙碟
						後方則為240mm單碟配單活塞卡鉗.標配雙通道ABS剎車防鎖死系統
						為CBR650R的剎車效能多一份安全防護.

2024 
						CBR650R儀表換上可與Honda RoadSync APP進行連結的5吋TFT液晶顯示幕
						該儀表也搭載於CB500等新車上.可透過左邊把手開關進行HSTC等功能選擇切換.
						儀表顯示幕採用光學貼合樹脂層.在豔陽下騎乘也不影響可視性
						同時儀表顯示包含檔位、車速、轉速等行車資訊及導航等功能
						在儀表上的辨識度也都相當清晰.讓騎士在行進中也能一目了然.輕鬆明辨.

E-Clutch電子離合器的作用原理與電子快速排檔系統相似
						讓騎士無須拉動離合器拉桿就能直接進行換檔操作.
						不過這套E-Clutch在車輛起步、換檔和停車時的驅動力變化情況下也能使用
						不像快排系統要在高轉速下才能運用.
						系統提供三種預設靈敏度可供調整.透過ECU與引擎點火和噴射系統結合
						以確保盡可能的讓騎士擁有平順的起步以及換檔需求.

換上全新外觀設計的2024 CBR650R.車身線條更簡潔且富有運動感
						雙鷹眼LED大燈讓新車面容更顯瑞利.頗有2017 CBR1000RR的韻味.

CBR650R與CB650R是首批搭載E-Clutch技術的唯二車款
						E-Clutch電子離合器可在引擎佈局不用進行重大改變的同時
						並保有離合器拉桿的配置.讓騎士隨心所欲的自由選擇騎乘換檔方式
						大大增加騎乘檔車的便利性並保有樂趣.

Honda為2024 CBR650R重新設計的車尾造型相當有運動跑車的流線感.
						造型簡單的尾燈以內嵌式設計在車尾之中.方向燈組則配置在長長的後牌架之上.
						若想要讓新CBR650R的運動更加升級.Honda也提供包含進退檔快排、單座蓋、
						碳纖維油箱保護貼等配件的賽車套件提供準車主選配.

喜歡享受輕鬆騎旅更多一點的騎士.則可選配舒適套件
						配有加溫手把、 15L後座包與3L油箱包.增加額外的承載能力讓騎乘出遊更輕鬆愜意.

新CBR650R的座高維持810mm不變.為配合全新整流罩的外觀設計
						座墊造型也重新進行修改.讓整體車型看起來流線上翹.富有運動感.

【規格】
引擎形式: 水冷四行程DOHC16汽門並4汽缸
全長(mm): 2120
全寬(mm): 750
全高(mm): 1145
軸距(mm): 1450
座高(mm): 810
裝備重: 211kg
總排氣量: 649cc
供油方式: PGM FI 噴射
啟動方式: 電發
壓縮比: 11.6: 1
最高馬力: 70 kW (93,9 CV) a 12.000 r.p.m.
最大扭力: 46.5 lb-ft @ 9,500 rpm
油箱容量: 15.4公升
傳動形式: 濕式多片離合器鏈條傳動 6速 E-Clutch電子離合器
前懸吊系統: SHOWA 41mm SFF-BP USD倒立式前叉 120mm行程
後懸吊系統: Monoshock 十段預載可調單槍式避震器
輪胎(前): 120/70ZR – 17M/C 58W
輪胎(後): 180/55ZR – 17M/C 73W
前煞車系統: 310mm碟煞 配四活塞輻射卡鉗 abs
後煞車系統: 240mm單活塞單碟",409000,https://moto.honda-taiwan.com.tw/file/Img/08dc3682-c7ff-1a96-0120-fb13fc03ac79,https://moto.honda-taiwan.com.tw/motor/Detail/b95ddcdd-23ef-4384-bd47-c74b2ffced27
CBR500R,"機車, Honda","2022年式CBR500R最大的特徵就是導入了黃金倒立前叉
						因此碟盤也做了雙碟的變更
						另外也升級了重量更輕的鋁合金輪框與後搖臂還有腳踏板
						讓全車重量減輕兩公斤

【規格】
引擎形式: 四衝水冷DOHC 雙汽缸共八汽門引擎
全長: 2080
全高: 1145
全寬: 750
軸距: 1410
座高: 785
乾重: 192
總排氣量: 471cc
供油方式: 34mm PGM FI 電子燃油噴注系統
啟動方式: 電發
壓縮比: 10.7 : 1
最高馬力: 35kW/47hp @ 8500
最大扭力: 43Nm @ 7000
油箱容量: 17.1L
傳動形式: 鏈條.濕式六片離合器
前懸吊系統: Showa 41mm SFF-BP USD 前叉，預載可調
後懸吊系統: Pro-link單槍,九段可調,104mm行程
輪胎(前): 120/70ZR - 17M/C
輪胎(後): 160/60ZR - 17M/C
前煞車系統: 296mm浪花碟*2 配對四輻射卡鉗 ABS
後煞車系統: 240mm浪花碟配 單活塞卡鉗 ABS",309000,https://moto.honda-taiwan.com.tw/motor/Detail/967edb45-bcb1-4fb6-a1fd-6398b24e7e88,https://moto.honda-taiwan.com.tw/motor/Detail/967edb45-bcb1-4fb6-a1fd-6398b24e7e88
AFRICA TWIN ADVENTURE SPORTS ES DCT,"機車, Honda","Honda在2023年10月.搶先在米蘭車展發布了Africa Twin小改款訊息.
						2024 CRF1100L Africa Twin在車頭整流罩做了小小微整
						搭配更高且更寬大的五段式可調風鏡.以提升前方視野與防風效果.
						進行優化修改的引擎扭力有小幅提升.加上無內胎鋼絲框
						讓Africa Twin冒險越野騎乘更加如魚得水.

2024 
						CRF1100L Africa Twin同樣提供標準版與Adventure Sports兩種車型
						動力心臟同樣是搭載1,084cc雙缸引擎.Honda在引擎內部進行優化與修改
						將空濾進氣道從原本的29mm增加至35mm.壓縮比也由10.1:1增加到10.3:1
						Honda還重新調整了燃油噴射氣角度、氣門正時修改與新ECU設定
						讓扭力峰值提升至112Nm.並提前了750rpm.於5,500rpm湧現
						而最大馬力同樣維持101PS@7,500rpm.

CRF1100L兩種車型在中低速扭力更豐沛的引擎基礎下.可選擇傳統六速變速箱(MT)
						或是因應引擎優化也進行過微調的六速雙離合器變速系統(DCT).
						透過六軸IMU偵測車輛動態.讓DTC的換檔反應更準確順暢.
						而傳統六速變速箱則可選配快速換檔套件實現更迅速便利的操駕體驗.

2024 
						Africa Twin標準版仍是偏向Rally外型的冒險越野設定
						懸吊系統採SHOWA 45mm倒立式前叉搭配Pro-Link多連桿中置單槍後避震.
						不過在2024的標準版新車.也開放選配以往在ADV版本上
						才能搭載的Showa EERA半主動電子懸吊套件.
						該套件除了提供電子懸吊.還包含加溫手把與ACC充電組.
						Showa EERA半主動電子懸吊提供SOFT、MID、HARD、
						OFF-ROAD以及USER自定義共五種模式可選擇
						透過動態調整阻尼和預載.以適應不同的騎乘條件.

2024 
						Africa Twin Adventure Sports前輪從21吋改為19吋設定
						搭配比起之前的90/90-21更寬的110/80-19前輪胎規格
						以及減少20mm行程的SHOWA EERA半主動電子懸吊.
						將重心降低.軸距也做了修改.重新賦予它更偏向公路騎乘的運動性能
						讓喜愛多種騎乘樂趣的騎士得到更多滿足.
						可調式座椅高度也降低為835-855mm.比起前一代版本的850-870mm更親民
						但如果這樣的座高對您還是稍嫌太高.沒關係.還有795mm的低座套件可供選配.

2024 
						CRF1100L Africa Twin搭載上視野更寬大的五段可調式風鏡
						是因應重新設計的整流罩而做的新設計.這也改善了以往無法依照騎士所需
						進行風鏡高低調整的缺憾.讓騎士獲得最佳的擋風效果
						搭配換上更厚實的泡棉坐墊.以提升長途騎乘舒適性且減少疲憊感.

標準版與Adventure Sports版兩種車型在2024年將變得更壁壘分明
						以使用取向明顯的區別.而不是單單是外觀與配備不同的差別.

2024 
						Honda CRF1100L Africa Twin標準版提供大獎賽紅與修光金屬黑兩種車色
						選配Showa EERA套件的標準版則多了三色版塗裝可選擇.
						Adventure Sports則有消光金屬黑與三色版彩繪共兩種車色.
						英國當地售價.標準版建議售價為13,199英鎊(折合新台幣約51.8萬元)
						Adventure Sports建議售價為17,599英鎊(折合新台幣約69萬元)

【規格】
引擎形式: 水冷四行程,八汽門,並列雙汽缸, 曲軸角度270 , 單凸輪軸
全長: 2330 / 2305 (ADV)
全高: 1485 / 1475 (ADV)
全寬: 960 / 960 (ADV)
軸距: 1,575mm / 1550 (ADV)
最低地上高: 250mm (9.82 inches) / 220
座高: 850mm~870mm / 835~855 (ADV)
裝備重量: 6速版本:231kg DCT變速箱版本:242kg ______________ ADV 電子懸吊 6速版本:243kg DCT變速箱版本:253kg
總排氣量: 1084
供油方式: 電子噴射式(PGM-FI)
壓縮比: 10.5:1
啟動方式: 電動
最高馬力: 75kw (101.97ps)@7500
最大扭力: 112Nm @5500
油箱容量: 18.8 ADV24.8
傳動形式: 濕式六檔鏈條傳動 一般六速 / 選配六速DCT 雙離合器系統,包含兩種駕駛模式,(道路,越野)
前懸吊系統: SHOWA 45mm 潛望倒立式預載及壓縮可調油壓前叉，行程 230mm (ADV為SHOWA EERA電子避震 行程210)
後懸吊系統: SHOWA 單槍中置預載阻尼可調 Pro-Link 多連桿後避震，行程 220mm (ADV為SHOWA EERA電子避震 行程200)
輪胎(前): 鋼絲鋁合金框, 21 m / c x MT2.15 90/90-21 M/C 54H (ADV為110/80 19)
輪胎(後): 浮動式 256 mm , 雙活塞卡鉗(ABS) ,DCT款配備停車剎車系統! 150/70R18 M/C 70H (ADV相同)
前煞車系統: 雙 310 mm浮動碟盤, 輻射式四活塞卡鉗(ABS), 燒結剎車皮
後煞車系統: 浮動式 256 mm , 雙活塞卡鉗(ABS) , DCT款配備停車剎車系統",788000,https://moto.honda-taiwan.com.tw/file/Img/08de8ef7-c9ac-b148-0120-fb1b7402013a,https://moto.honda-taiwan.com.tw/motor/Detail/481c42d6-a878-4674-901c-7ff11ced5b84
AFRICA TWIN ES,"機車, Honda","Honda在2023年10月.搶先在米蘭車展發布了Africa Twin小改款訊息.
						2024 CRF1100L Africa Twin在車頭整流罩做了小小微整
						搭配更高且更寬大的五段式可調風鏡.以提升前方視野與防風效果.
						進行優化修改的引擎扭力有小幅提升.加上無內胎鋼絲框
						讓Africa Twin冒險越野騎乘更加如魚得水.

2024 
						CRF1100L Africa Twin同樣提供標準版與Adventure Sports兩種車型
						動力心臟同樣是搭載1,084cc雙缸引擎.Honda在引擎內部進行優化與修改
						將空濾進氣道從原本的29mm增加至35mm.壓縮比也由10.1:1增加到10.3:1
						Honda還重新調整了燃油噴射氣角度、氣門正時修改與新ECU設定
						讓扭力峰值提升至112Nm.並提前了750rpm.於5,500rpm湧現
						而最大馬力同樣維持101PS@7,500rpm.

CRF1100L兩種車型在中低速扭力更豐沛的引擎基礎下.可選擇傳統六速變速箱(MT)
						或是因應引擎優化也進行過微調的六速雙離合器變速系統(DCT).
						透過六軸IMU偵測車輛動態.讓DTC的換檔反應更準確順暢.
						而傳統六速變速箱則可選配快速換檔套件實現更迅速便利的操駕體驗.

2024 
						Africa Twin標準版仍是偏向Rally外型的冒險越野設定
						懸吊系統採SHOWA 45mm倒立式前叉搭配Pro-Link多連桿中置單槍後避震.
						不過在2024的標準版新車.也開放選配以往在ADV版本上
						才能搭載的Showa EERA半主動電子懸吊套件.
						該套件除了提供電子懸吊.還包含加溫手把與ACC充電組.
						Showa EERA半主動電子懸吊提供SOFT、MID、HARD、
						OFF-ROAD以及USER自定義共五種模式可選擇
						透過動態調整阻尼和預載.以適應不同的騎乘條件.

2024 
						Africa Twin Adventure Sports前輪從21吋改為19吋設定
						搭配比起之前的90/90-21更寬的110/80-19前輪胎規格
						以及減少20mm行程的SHOWA EERA半主動電子懸吊.
						將重心降低.軸距也做了修改.重新賦予它更偏向公路騎乘的運動性能
						讓喜愛多種騎乘樂趣的騎士得到更多滿足.
						可調式座椅高度也降低為835-855mm.比起前一代版本的850-870mm更親民
						但如果這樣的座高對您還是稍嫌太高.沒關係.還有795mm的低座套件可供選配.

2024 
						CRF1100L Africa Twin搭載上視野更寬大的五段可調式風鏡
						是因應重新設計的整流罩而做的新設計.這也改善了以往無法依照騎士所需
						進行風鏡高低調整的缺憾.讓騎士獲得最佳的擋風效果
						搭配換上更厚實的泡棉坐墊.以提升長途騎乘舒適性且減少疲憊感.

標準版與Adventure Sports版兩種車型在2024年將變得更壁壘分明
						以使用取向明顯的區別.而不是單單是外觀與配備不同的差別.

2024 
						Honda CRF1100L Africa Twin標準版提供大獎賽紅與修光金屬黑兩種車色
						選配Showa EERA套件的標準版則多了三色版塗裝可選擇.
						Adventure Sports則有消光金屬黑與三色版彩繪共兩種車色.
						英國當地售價.標準版建議售價為13,199英鎊(折合新台幣約51.8萬元)
						Adventure Sports建議售價為17,599英鎊(折合新台幣約69萬元)

【規格】
引擎形式: 水冷四行程,八汽門,並列雙汽缸, 曲軸角度270 , 單凸輪軸
全長: 2330 / 2305 (ADV)
全高: 1485 / 1475 (ADV)
全寬: 960 / 960 (ADV)
軸距: 1,575mm / 1550 (ADV)
最低地上高: 250mm (9.82 inches) / 220
座高: 850mm~870mm / 835~855 (ADV)
裝備重量: 6速版本:231kg DCT變速箱版本:242kg ______________ ADV 電子懸吊 6速版本:243kg DCT變速箱版本:253kg
總排氣量: 1084
供油方式: 電子噴射式(PGM-FI)
壓縮比: 10.5:1
啟動方式: 電動
最高馬力: 75kw (101.97ps)@7500
最大扭力: 112Nm @5500
油箱容量: 18.8 ADV24.8
傳動形式: 濕式六檔鏈條傳動 一般六速 / 選配六速DCT 雙離合器系統,包含兩種駕駛模式,(道路,越野)
前懸吊系統: SHOWA 45mm 潛望倒立式預載及壓縮可調油壓前叉，行程 230mm (ADV為SHOWA EERA電子避震 行程210)
後懸吊系統: SHOWA 單槍中置預載阻尼可調 Pro-Link 多連桿後避震，行程 220mm (ADV為SHOWA EERA電子避震 行程200)
輪胎(前): 鋼絲鋁合金框, 21 m / c x MT2.15 90/90-21 M/C 54H (ADV為110/80 19)
輪胎(後): 浮動式 256 mm , 雙活塞卡鉗(ABS) ,DCT款配備停車剎車系統! 150/70R18 M/C 70H (ADV相同)
前煞車系統: 雙 310 mm浮動碟盤, 輻射式四活塞卡鉗(ABS), 燒結剎車皮
後煞車系統: 浮動式 256 mm , 雙活塞卡鉗(ABS) , DCT款配備停車剎車系統",668000,https://moto.honda-taiwan.com.tw/file/Img/08de6478-dee4-ed61-0120-fb1b7402482e,https://moto.honda-taiwan.com.tw/motor/Detail/f838e42f-9d04-4144-a533-6b67a5e1851a
X-ADV,"機車, Honda","2025 X-ADV

於2017年問世的Honda跨界冒險速克達X-ADV
						這7年間光是在歐洲地區的銷售量就創造出76,000輛的佳績.
						對於喜愛以大型速克達跨境通勤及長途旅遊的騎士來說
						這部搭載雙離合器系統的大羊.確實在便利性之中再更添豐富騎乘樂趣.
						Honda近日釋出了2025年式X-ADV升級改款訊息
						新車外觀維持X-ADV一貫的輪廓.僅在細節做了些許微調.
						不過重要的是.這次Honda在新X-ADV上導入了全新5吋TFT全彩儀表、
						巡航控制、全新LED大燈組.並在DCT系統、騎乘模式、坐墊等部份
						進行了重新優化.大幅提升了騎乘的舒適性能.

2025年式新X-ADV動力心臟採用與上一代版本相同的745cc雙汽缸引擎
						這顆引擎在2021年時因應歐盟五期排放標準重新調教
						可產生58ps@6,750rpm的最大馬力與69Nm@4,750rpm的扭力輸出.
						雖然引擎部分沒有更動.但Honda這次在新年式X-ADV上
						進行了DCT變速系統優化更新.針對低速的部分調教出更平穩柔順的反應.
						騎乘模式同樣提供包含:標準、運動、雨天、碎石與自訂義共五種選擇
						還有終於導入標配的巡航控制系統.這對喜愛騎車旅遊的騎士來說
						肯定是一大福音.把手開關也因此重新進行設計.

2025 
						X-ADV底盤同樣採用2021年時更新的鑽石型鋼管車架
						搭配前153mm、後150mm的長行程懸吊系統及前17、後15吋的鋼絲框
						讓騎士在城市穿梭或山道悠遊都擁有靈活穩定的操控性能.
						Honda這次為X-ADV重新設計了座椅.增加10%的泡棉厚度
						但騎士座高同樣維持在820mm.據說腿部可以更容易接觸到地面.
						制動系統由J Juan徑向四活塞卡鉗擔綱.

5吋全彩TFT螢幕採用光學黏合技術.可提高艷陽下的可視性.
						儀表顯示模式具有三種顯示方式提供騎士選擇
						另外也可透過Honda RoadSync APP與智慧型手機連接
						在儀表螢幕上顯示路線導航、電話撥接、音樂聆聽等多媒體資訊.

新X-ADV的外觀設計維持基礎輪廓.同樣僅在細節部分進行微整
						全新的LED大燈組一次將DRL日行燈及方向燈功能整合在其中
						這是首度出現運用在二輪車款之中.

Honda為新X-ADV提供了多種原廠風格套件.這款搭載59公升容量的側箱組
						就是專為適合喜愛騎車旅行的騎士所推出的旅行套件.
						另有冒險、舒適及風格套件.車主可針對所需進行選配.

Honda這次將永續環保課題首度大幅度落實於新X-ADV車上
						在車身部分整流罩及風鏡使用了Durabio生物質塑膠.
						這種創新材料不僅環保.並具有更好的防刮、防紫外線機能.耐用性更高.
						風鏡具有五段高度免工具調節功能.調整範圍為5.5英吋(將近140mm)

坐墊下方置物空間同樣為22L.具有車廂照明.
						隨著科技進步所需.車廂內的充電孔再次升級為USB-C.

經過重新優化的碎石模式可提供更好的牽引力
						讓騎士在秘境中尋幽探訪愉快又安心.

【規格】
引擎形式: 水冷四行程雙汽缸SOHC 8汽門
全長(mm): 2215
全寬(mm): 940
全高(mm): 1370
軸距(mm): 1590
座高(mm): 790~820mm
乾重: 236kg
總排氣量: 745
供油方式: 36MM PGM FI電子噴射
車架形式: 鋼管車架
啟動方式: 電發
壓縮比: 10.7:1
最高馬力: 58ps(43.1KW)@6750rpm
最大扭力: 69Nm @ 4750rpm
油箱容量: 13.1公升
傳動形式: DCT雙離合器手D/S動力模式 搭配手按升降檔. 多片濕式離合器.六速鏈條傳動
前懸吊系統: 41mm SFF-CA USD倒叉. 行程153mm
後懸吊系統: Pro-link單槍 150mm行程
輪胎(前): 120/70 - 17
輪胎(後): 160/60 - 15
前煞車系統: 296mm四活輻射卡鉗*2 ABS防鎖煞車+CBS連動煞車
後煞車系統: 240mm單碟配單活塞卡鉗",508000,https://moto.honda-taiwan.com.tw/file/Img/08dd2314-4ca3-4a2d-0120-fb13fc04fdac,https://moto.honda-taiwan.com.tw/motor/Detail/77314b96-a8ba-4f56-a24b-c09a1f2ab47f
CRF300L,"機車, Honda","2023 CRF 300 LS

如果要推薦一款車

給從未接觸過打檔車的新手作為學習的車輛

那麼肯定是耐摔好維護的越野車款了!

不過也因為越野車款的座高都偏高

對於身高偏矮或自信心比較不足夠的人來說

光是要跨上.與那無法腳踏實地的不安全感都十分令人心生畏懼...

而Honda也聽到了大家的心聲.在最近發表座高更親民的CRF300LS

簡單的說~就是CRF300L低座版啦!





CRF300LS基本配備與CRF300標準版相同

搭載一顆排氣量286cc的DOHC水冷四汽門單汽缸引擎.

動力輸出也與標準版無異.26hp的最大馬力在8,500rpm爆發

2.6kgm的扭力峰值則在6,500rpm釋放.

懸吊系統同樣採用43mm倒立式前叉搭配Pro-LINK單槍後避震

但是懸吊行程比起標準版略微降低.縮短為前236mm後228mm.

因此讓座高從881mm降低至更加親民的830mm

離地間隙由284mm降為243mm.搭配連接油箱處較窄收銷斜的座墊設計

讓身高不高的騎士也能更輕鬆的著地駐車.





除了座高、離地間隙等高度的修改變更之外

包含前21後18吋的鋼絲框、9.7公升的油箱容量、

前256mm單碟雙活塞卡鉗配後220mm單碟的剎車系統

都與CRF300L標準版相同.

不過可關閉的ABS防鎖死剎車系統在CRF300LS上列為標準配備

讓騎士可依照騎乘方式所需作選擇.

在基礎架構不變的情況下.僅在懸吊行程與軸距等處作微調修改

讓這部CRF300LS與CRF300L同樣保有靈活的操控表現

同時讓更多以前喜愛CRF車款卻因高度而受限的車迷

更輕鬆容易的跨上CRF300LS.享受越野車款在市區騎乘的機動靈巧

在郊區騎乘更自在無拘束的騎乘感受.





2023 HONDA CRF300LS在美國的建議售價為5,699美元

與同樣配備ABS剎車系統的CRF300L售價相同.

CRF300LS僅提供灰色塗裝的單一車色

預計於今年第二季就會開始在美國各本田經銷據點展售.

【規格】
引擎形式: 水冷四衝DOHC四氣門單氣缸
軸距(m): 1440mm
全長: 2208mm
全高: 1161mm
全寬: 819mm
座高: 830mm
最低地上高: 244mm
乾重: 138公斤
總排氣量: 286.01cc
供油方式: PGM-F1電子燃油噴注系統
啟動方式: 電動
壓縮比: 10.7:1
最高馬力: 26hp@8000rpm
最大扭力: 2.6kgm@6500rpm
油箱容量: 7.8公升
傳動形式: 6前速鏈條傳動 滑動離合器
前懸吊系統: 43mm正立前叉 236MM
後懸吊系統: Pro-LINK單槍懸吊228MM
輪胎(前): 80 / 100-21M / C 51P
輪胎(後): 120/80-18M/C 62P
前煞車系統: 單碟
後煞車系統: 單碟
最低地上高: 255MM
車寬: 815MM",248000,https://moto.honda-taiwan.com.tw/file/Img/08ddf9a7-5dd6-0c59-0120-fb1b74058116,https://moto.honda-taiwan.com.tw/motor/Detail/f3faf68c-f44c-4dfa-abf0-0549b80ca3d8
CB1000GT,"機車, Honda","2026 CB1000
GT

Honda在本次的米蘭車展中.發表全新運動旅行車-2026 CB1000GT.
						這部新車和日前的CB1000F同樣都是以CB1000 Hornet為基礎
						搭載以流體力學技術進行雕琢的整流罩與外觀
						再搭配重新設計的副車架、具備人體工學考量的車把與腳踏位置
						提供騎士與後座更寬闊、舒適的乘坐感.使長途騎行的舒心更能被充分享受.

2026 
						CB1000GT動力心臟沿用了CB1000 Hornet的1,000cc直列四缸水冷引擎
						但針對GT長途騎乘的定位進行了微調
						可輸出148hp@11,000rpm最大馬力與102Nm@8,750rpm最大扭力.
						六速變速箱的齒比也經過重新優化.2-5檔著重在加速性能.而6檔則採用長齒比
						讓高速巡航時的引擎轉速保持穩定.
						輔助滑動離合器、雙向快速換檔與定速巡航系統也是標配
						無論其是需要運動感的激烈操駕或長途騎乘所需輕鬆舒適都能勝任.

CB1000GT的鑽石型鋼管車架同樣來自Hornet.不過幾何結構經過重新調整
						以提升滿載時的穩定與操控性.Pro-Link鑄鋁後搖臂也從619mm加長至635mm
						這將有助於高速行駛時的穩定感提升.
						懸吊系統前後都標配Showa-EERA半主動電子控制避震器.可根據選擇模式與路況
						自動調整壓縮與回彈的阻尼設定.而後避震預載可以在行駛時進行微調
						提供24段調節功能讓騎士依照喜好調整.行程分別為前130mm、後140mm.
						CB1000GT離地間隙比Hornet高3mm.座高則從809mm增加至825mm
						這主要是考量到長時間乘坐的舒適性.將坐墊加厚15mm帶來的數據改變.

5吋TFT全彩液晶儀表也與CB1000 Hornet車上的配置相同
						同時可透過Honda RoadSync APP與智慧型手機連接.在儀表顯示導航等功能.
						電控系統由六軸IMU慣性測量單元搭配電子油門.提供五種騎乘模式
						包含標準、運動、雨天、旅行和自訂義.騎士可在每種模式中
						調整動力輸出、引擎煞車和牽引力控制.還有彎道ABS防鎖死及巡航控制系統
						來滿足騎士.在激烈操駕時的精準穩定操控、以及長途騎旅的輕鬆舒適感.

CB1000GT制動系統前輪採用310mm雙碟搭配Nissin徑向四活塞卡鉗
						後輪則為Nissin單活塞卡鉗配240mm單碟.提供充足的煞停性能.
						再搭配彎道ABS剎車防鎖死系統進行輔佐.在動靜之間皆游刃有餘.
						另外.除了ESS緊急煞車閃燈警示之外.方向燈也有自動回復功能.

2026 
						CB1000GT提供大獎賽紅、珍珠深泥灰與石墨黑共三種車色
						售價為11,999英鎊.除了售價較同款車較為實惠之外
						還標配了五段手動可調風鏡、可拆卸側箱、巡航控制、加溫握把、
						護弓與中柱等豐富配備.讓CB1000GT擁有滿點的銷售競爭力與長途騎旅的實用性

【規格】
引擎形式: 直列水冷四缸DOHC 16V 引擎
全長(mm): 2135
全寬(mm): 930
全高(mm): 1290
軸距(mm): 1465
最低地上高: 135
座高(mm): 825
裝備重: 229
總排氣量: 999
供油方式: PGM FI噴射
車架形式: 鑽石鋼管車架
啟動方式: 電發
壓縮比: 11.7:1
最高馬力: 110.1kW @ 11,000rpm
最大扭力: 102Nm @ 8,750rpm
油箱容量: 21 L
傳動形式: 鍊條 六速
前懸吊系統: Showa-EERA 41mm半主動電子前叉，手動預載調節器，行程130mm
後懸吊系統: 電子控制懸吊（EERA），電子預載調節器，行程140mm
輪胎(前): 120 / 70 17
輪胎(後): 180 / 55 17
前煞車系統: Nissin徑向四活塞卡鉗配310mm雙浮動碟
後煞車系統: Nissin單活塞卡鉗配240mm單碟",568000,https://moto.honda-taiwan.com.tw/file/Img/08de83f0-d1eb-1f5d-0120-fb1b740249df,https://moto.honda-taiwan.com.tw/motor/Detail/8160513b-91ba-42de-a708-d9e0db791ac0